image_path,label,type,file_name,split,annotator,annotated_at
data/cropped_fields/ogrenci_numara/test_IMG_1455_HEIC.rf.SrHkgt9ZHvcPf4r8Uzos_ogrenci_numara.jpg,5039485716,ogrenci_numara,test_IMG_1455_HEIC.rf.SrHkgt9ZHvcPf4r8Uzos_ogrenci_numara.jpg,test,mehmet,2026-07-12 17:04:04
data/cropped_fields/ogrenci_numara/test_IMG_1462_HEIC.rf.TAmGkNHLMFo4kgB7NMTu_ogrenci_numara.jpg,1827364590,ogrenci_numara,test_IMG_1462_HEIC.rf.TAmGkNHLMFo4kgB7NMTu_ogrenci_numara.jpg,test,mehmet,2026-07-12 17:04:24
data/cropped_fields/ogrenci_numara/test_IMG_1472_HEIC.rf.TtcTLEcjptaf3Arg6YK3_ogrenci_numara.jpg,3948571026,ogrenci_numara,test_IMG_1472_HEIC.rf.TtcTLEcjptaf3Arg6YK3_ogrenci_numara.jpg,test,mehmet,2026-07-12 17:04:43
data/cropped_fields/ogrenci_numara/test_IMG_1476_HEIC.rf.GO7hwq4rdpS1rrfDH7Bq_ogrenci_numara.jpg,3263456108,ogrenci_numara,test_IMG_1476_HEIC.rf.GO7hwq4rdpS1rrfDH7Bq_ogrenci_numara.jpg,test,mehmet,2026-07-12 17:05:10
data/cropped_fields/ogrenci_numara/test_IMG_1478_HEIC.rf.H3SHK70fjKZj0PTJmuEq_ogrenci_numara.jpg,6374851902,ogrenci_numara,test_IMG_1478_HEIC.rf.H3SHK70fjKZj0PTJmuEq_ogrenci_numara.jpg,test,mehmet,2026-07-12 17:05:26
data/cropped_fields/ogrenci_numara/test_IMG_1483_HEIC.rf.5l57GF3b7tXWVraXdiLe_ogrenci_numara.jpg,9102834765,ogrenci_numara,test_IMG_1483_HEIC.rf.5l57GF3b7tXWVraXdiLe_ogrenci_numara.jpg,test,mehmet,2026-07-12 17:05:48
data/cropped_fields/ogrenci_numara/test_IMG_1493_jpg.rf.6vUxgP7UF7vO6lBGVkyl_ogrenci_numara.jpg,1029384756,ogrenci_numara,test_IMG_1493_jpg.rf.6vUxgP7UF7vO6lBGVkyl_ogrenci_numara.jpg,test,mehmet,2026-07-12 17:06:08
data/cropped_fields/ogrenci_numara/test_IMG_1496_HEIC.rf.8lOS4xfnS7FESPkCDybb_ogrenci_numara.jpg,6928374105,ogrenci_numara,test_IMG_1496_HEIC.rf.8lOS4xfnS7FESPkCDybb_ogrenci_numara.jpg,test,mehmet,2026-07-12 17:06:40
data/cropped_fields/ogrenci_numara/test_IMG_1499_jpg.rf.6T6AETgQ1mmY3iccfy2A_ogrenci_numara.jpg,5049382716,ogrenci_numara,test_IMG_1499_jpg.rf.6T6AETgQ1mmY3iccfy2A_ogrenci_numara.jpg,test,mehmet,2026-07-12 17:06:51
data/cropped_fields/ogrenci_numara/test_IMG_1505_jpg.rf.9H5eiQEWxqQIbaI49er3_ogrenci_numara.jpg,6574839201,ogrenci_numara,test_IMG_1505_jpg.rf.9H5eiQEWxqQIbaI49er3_ogrenci_numara.jpg,test,mehmet,2026-07-12 17:07:05
data/cropped_fields/ogrenci_numara/test_IMG_1522_jpg.rf.8Naqo4guaTIQ3IHTXyxd_ogrenci_numara.jpg,3948571602,ogrenci_numara,test_IMG_1522_jpg.rf.8Naqo4guaTIQ3IHTXyxd_ogrenci_numara.jpg,test,mehmet,2026-07-12 17:07:24
data/cropped_fields/ogrenci_numara/test_IMG_1549_jpg.rf.8SHFPYH3sosXZvQucw3V_ogrenci_numara.jpg,2938475610,ogrenci_numara,test_IMG_1549_jpg.rf.8SHFPYH3sosXZvQucw3V_ogrenci_numara.jpg,test,mehmet,2026-07-12 17:07:41
data/cropped_fields/ogrenci_numara/test_IMG_1676_jpg.rf.3vPqm4svQkcXbxfxHOvY_ogrenci_numara.jpg,231601032,ogrenci_numara,test_IMG_1676_jpg.rf.3vPqm4svQkcXbxfxHOvY_ogrenci_numara.jpg,test,mehmet,2026-07-12 17:08:00
data/cropped_fields/ogrenci_numara/test_IMG_1687_jpg.rf.7aKjXStnMb1fftsnTPkI_ogrenci_numara.jpg,231601086,ogrenci_numara,test_IMG_1687_jpg.rf.7aKjXStnMb1fftsnTPkI_ogrenci_numara.jpg,test,mehmet,2026-07-12 17:08:26
data/cropped_fields/ogrenci_numara/test_IMG_1694_jpg.rf.55vMArbLUxVDMIQPxkYw_ogrenci_numara.jpg,231601045,ogrenci_numara,test_IMG_1694_jpg.rf.55vMArbLUxVDMIQPxkYw_ogrenci_numara.jpg,test,mehmet,2026-07-12 17:08:42
data/cropped_fields/ogrenci_numara/test_IMG_1698_jpg.rf.4xRFoRQHlJzIcqSWywcB_ogrenci_numara.jpg,231601040,ogrenci_numara,test_IMG_1698_jpg.rf.4xRFoRQHlJzIcqSWywcB_ogrenci_numara.jpg,test,mehmet,2026-07-12 17:08:46
data/cropped_fields/ogrenci_numara/test_IMG_1701_jpg.rf.4SMQ8TACBmIyM3ALO795_ogrenci_numara.jpg,231601083,ogrenci_numara,test_IMG_1701_jpg.rf.4SMQ8TACBmIyM3ALO795_ogrenci_numara.jpg,test,mehmet,2026-07-12 17:08:54
data/cropped_fields/ogrenci_numara/test_IMG_1708_jpg.rf.7iZhuXdqwh5wFxDHm3X2_ogrenci_numara.jpg,231601102,ogrenci_numara,test_IMG_1708_jpg.rf.7iZhuXdqwh5wFxDHm3X2_ogrenci_numara.jpg,test,mehmet,2026-07-12 17:09:03
data/cropped_fields/ogrenci_numara/test_IMG_1711_jpg.rf.62fCedqcv2CNiVCmyGLF_ogrenci_numara.jpg,328826323,ogrenci_numara,test_IMG_1711_jpg.rf.62fCedqcv2CNiVCmyGLF_ogrenci_numara.jpg,test,mehmet,2026-07-12 17:09:25
data/cropped_fields/ogrenci_numara/test_IMG_1739_jpg.rf.3srk8wPWdxl6fEVz5C0G_ogrenci_numara.jpg,643792194,ogrenci_numara,test_IMG_1739_jpg.rf.3srk8wPWdxl6fEVz5C0G_ogrenci_numara.jpg,test,mehmet,2026-07-12 17:09:36
data/cropped_fields/ogrenci_numara/test_IMG_1742_jpg.rf.3ZqKS6dGc5rORyJJQMxW_ogrenci_numara.jpg,776843521,ogrenci_numara,test_IMG_1742_jpg.rf.3ZqKS6dGc5rORyJJQMxW_ogrenci_numara.jpg,test,mehmet,2026-07-12 17:09:45
data/cropped_fields/ogrenci_numara/test_IMG_1748_jpg.rf.8w2jjI37EVHewPGfpqNc_ogrenci_numara.jpg,231601019,ogrenci_numara,test_IMG_1748_jpg.rf.8w2jjI37EVHewPGfpqNc_ogrenci_numara.jpg,test,mehmet,2026-07-12 17:09:55
data/cropped_fields/ogrenci_numara/test_IMG_1751_jpg.rf.6t74iXpHxjhtvIi9FfJE_ogrenci_numara.jpg,231601015,ogrenci_numara,test_IMG_1751_jpg.rf.6t74iXpHxjhtvIi9FfJE_ogrenci_numara.jpg,test,mehmet,2026-07-12 17:09:59
data/cropped_fields/ogrenci_numara/test_IMG_1755_jpg.rf.3lWWfYlOha75pVkTJ7D6_ogrenci_numara.jpg,231601026,ogrenci_numara,test_IMG_1755_jpg.rf.3lWWfYlOha75pVkTJ7D6_ogrenci_numara.jpg,test,mehmet,2026-07-12 17:10:08
data/cropped_fields/ogrenci_numara/test_WhatsApp Image 2026-07-10 at 19-39-18_jpeg.rf.4I9TN7Vl9roD4XkuaX6H_ogrenci_numara.jpg,261027519,ogrenci_numara,test_WhatsApp Image 2026-07-10 at 19-39-18_jpeg.rf.4I9TN7Vl9roD4XkuaX6H_ogrenci_numara.jpg,test,mehmet,2026-07-12 17:10:43
data/cropped_fields/ogrenci_numara/test_WhatsApp Image 2026-07-10 at 19-53-53 (2)_jpeg.rf.9ihCmqaZtgyNIcnImnE9_ogrenci_numara.jpg,261014938,ogrenci_numara,test_WhatsApp Image 2026-07-10 at 19-53-53 (2)_jpeg.rf.9ihCmqaZtgyNIcnImnE9_ogrenci_numara.jpg,test,mehmet,2026-07-12 17:10:58
data/cropped_fields/ogrenci_numara/test_WhatsApp Image 2026-07-10 at 19-54-01 (2)_jpeg.rf.6gxT0Fmf2NW8DvRzqM3z_ogrenci_numara.jpg,261051739,ogrenci_numara,test_WhatsApp Image 2026-07-10 at 19-54-01 (2)_jpeg.rf.6gxT0Fmf2NW8DvRzqM3z_ogrenci_numara.jpg,test,mehmet,2026-07-12 17:11:51
data/cropped_fields/ogrenci_numara/test_WhatsApp Image 2026-07-10 at 19-54-08_jpeg.rf.9CCQumUpsL3i7M7z83lE_ogrenci_numara.jpg,261052951,ogrenci_numara,test_WhatsApp Image 2026-07-10 at 19-54-08_jpeg.rf.9CCQumUpsL3i7M7z83lE_ogrenci_numara.jpg,test,mehmet,2026-07-12 17:12:09
data/cropped_fields/ogrenci_numara/test_WhatsApp Image 2026-07-10 at 19-54-10 (1)_jpeg.rf.5l0pSHhf88qtgxMRTXUl_ogrenci_numara.jpg,261075391,ogrenci_numara,test_WhatsApp Image 2026-07-10 at 19-54-10 (1)_jpeg.rf.5l0pSHhf88qtgxMRTXUl_ogrenci_numara.jpg,test,mehmet,2026-07-12 17:12:19
data/cropped_fields/ogrenci_numara/test_WhatsApp Image 2026-07-10 at 19-54-31_jpeg.rf.8RS0wsihOOMMPP3S8enh_ogrenci_numara.jpg,261083293,ogrenci_numara,test_WhatsApp Image 2026-07-10 at 19-54-31_jpeg.rf.8RS0wsihOOMMPP3S8enh_ogrenci_numara.jpg,test,mehmet,2026-07-12 17:12:28
data/cropped_fields/ogrenci_numara/test_WhatsApp Image 2026-07-10 at 19-55-37_jpeg.rf.5iT2lLgi8VeCot0aKRet_ogrenci_numara.jpg,261085392,ogrenci_numara,test_WhatsApp Image 2026-07-10 at 19-55-37_jpeg.rf.5iT2lLgi8VeCot0aKRet_ogrenci_numara.jpg,test,mehmet,2026-07-12 17:12:45
data/cropped_fields/ogrenci_numara/test_WhatsApp Image 2026-07-10 at 19-55-39_jpeg.rf.6alPyk2PJSPLf4Pr5WIH_ogrenci_numara.jpg,261029518,ogrenci_numara,test_WhatsApp Image 2026-07-10 at 19-55-39_jpeg.rf.6alPyk2PJSPLf4Pr5WIH_ogrenci_numara.jpg,test,mehmet,2026-07-12 17:13:02
data/cropped_fields/ogrenci_numara/test_WhatsApp Image 2026-07-10 at 19-56-04 (4)_jpeg.rf.7MiizW9xW4yR37zwZ7K6_ogrenci_numara.jpg,261019384,ogrenci_numara,test_WhatsApp Image 2026-07-10 at 19-56-04 (4)_jpeg.rf.7MiizW9xW4yR37zwZ7K6_ogrenci_numara.jpg,test,mehmet,2026-07-12 17:13:19
data/cropped_fields/ogrenci_numara/test_WhatsApp Image 2026-07-10 at 19-56-07 (1)_jpeg.rf.4GAlbvysinMUX2H7Rw6m_ogrenci_numara.jpg,261048392,ogrenci_numara,test_WhatsApp Image 2026-07-10 at 19-56-07 (1)_jpeg.rf.4GAlbvysinMUX2H7Rw6m_ogrenci_numara.jpg,test,mehmet,2026-07-12 17:13:40
data/cropped_fields/ogrenci_numara/train_IMG_1456_HEIC.rf.s949dYvPGoHkV78bpSKP_ogrenci_numara.jpg,8475639201,ogrenci_numara,train_IMG_1456_HEIC.rf.s949dYvPGoHkV78bpSKP_ogrenci_numara.jpg,train,mehmet,2026-07-12 17:13:55
data/cropped_fields/ogrenci_numara/train_IMG_1457_HEIC.rf.cBB4xdUazXaCfCDTBuCX_ogrenci_numara.jpg,1928374560,ogrenci_numara,train_IMG_1457_HEIC.rf.cBB4xdUazXaCfCDTBuCX_ogrenci_numara.jpg,train,mehmet,2026-07-12 17:14:17
data/cropped_fields/ogrenci_numara/train_IMG_1458_HEIC.rf.pO7gnsX4juQpRqrs8YtD_ogrenci_numara.jpg,6758493012,ogrenci_numara,train_IMG_1458_HEIC.rf.pO7gnsX4juQpRqrs8YtD_ogrenci_numara.jpg,train,mehmet,2026-07-12 17:14:28
data/cropped_fields/ogrenci_numara/train_IMG_1460_HEIC.rf.Zb9UFggxzQgV9CVoQVvm_ogrenci_numara.jpg,3948572016,ogrenci_numara,train_IMG_1460_HEIC.rf.Zb9UFggxzQgV9CVoQVvm_ogrenci_numara.jpg,train,mehmet,2026-07-12 17:14:40
data/cropped_fields/ogrenci_numara/train_IMG_1463_HEIC.rf.ul6Pg9RGg0YIttds9WWU_ogrenci_numara.jpg,2847561930,ogrenci_numara,train_IMG_1463_HEIC.rf.ul6Pg9RGg0YIttds9WWU_ogrenci_numara.jpg,train,mehmet,2026-07-12 17:17:49
data/cropped_fields/ogrenci_numara/train_IMG_1464_HEIC.rf.teehKxqQr8XNnmFoPhYG_ogrenci_numara.jpg,5938472016,ogrenci_numara,train_IMG_1464_HEIC.rf.teehKxqQr8XNnmFoPhYG_ogrenci_numara.jpg,train,mehmet,2026-07-12 17:18:02
data/cropped_fields/ogrenci_numara/train_IMG_1465_HEIC.rf.xk81l99Ezi2ZaRRqwhgv_ogrenci_numara.jpg,8475610392,ogrenci_numara,train_IMG_1465_HEIC.rf.xk81l99Ezi2ZaRRqwhgv_ogrenci_numara.jpg,train,mehmet,2026-07-12 17:18:22
data/cropped_fields/ogrenci_numara/train_IMG_1466_HEIC.rf.hEuRWNogm0YhCeVaeJ6o_ogrenci_numara.jpg,1092837564,ogrenci_numara,train_IMG_1466_HEIC.rf.hEuRWNogm0YhCeVaeJ6o_ogrenci_numara.jpg,train,mehmet,2026-07-12 17:18:36
data/cropped_fields/ogrenci_numara/train_IMG_1468_HEIC.rf.UalxYUvmhJKnhKyUujPk_ogrenci_numara.jpg,9201837564,ogrenci_numara,train_IMG_1468_HEIC.rf.UalxYUvmhJKnhKyUujPk_ogrenci_numara.jpg,train,mehmet,2026-07-12 17:18:48
data/cropped_fields/ogrenci_numara/train_IMG_1469_HEIC.rf.jFrLQksTci77xYbWDsVa_ogrenci_numara.jpg,3847569012,ogrenci_numara,train_IMG_1469_HEIC.rf.jFrLQksTci77xYbWDsVa_ogrenci_numara.jpg,train,mehmet,2026-07-12 17:19:47
data/cropped_fields/ogrenci_numara/train_IMG_1471_HEIC.rf.jGrGxRlhoRPxwA4eWUBw_ogrenci_numara.jpg,9102837456,ogrenci_numara,train_IMG_1471_HEIC.rf.jGrGxRlhoRPxwA4eWUBw_ogrenci_numara.jpg,train,mehmet,2026-07-12 17:20:33
data/cropped_fields/ogrenci_numara/train_IMG_1473_HEIC.rf.fbvyF0Ho1WNnSj1bcsAS_ogrenci_numara.jpg,7382910456,ogrenci_numara,train_IMG_1473_HEIC.rf.fbvyF0Ho1WNnSj1bcsAS_ogrenci_numara.jpg,train,mehmet,2026-07-12 17:21:36
data/cropped_fields/ogrenci_numara/train_IMG_1475_jpg.rf.mBp5b40zitbftDwrh09s_ogrenci_numara.jpg,8485423681,ogrenci_numara,train_IMG_1475_jpg.rf.mBp5b40zitbftDwrh09s_ogrenci_numara.jpg,train,mehmet,2026-07-12 17:21:47
data/cropped_fields/ogrenci_numara/train_IMG_1477_HEIC.rf.hNxupvYAhFqoodI9HwKG_ogrenci_numara.jpg,4855783102,ogrenci_numara,train_IMG_1477_HEIC.rf.hNxupvYAhFqoodI9HwKG_ogrenci_numara.jpg,train,mehmet,2026-07-12 17:22:07
data/cropped_fields/ogrenci_numara/train_IMG_1480_HEIC.rf.wqdX1M4xlvxGra94G4T1_ogrenci_numara.jpg,2938471056,ogrenci_numara,train_IMG_1480_HEIC.rf.wqdX1M4xlvxGra94G4T1_ogrenci_numara.jpg,train,mehmet,2026-07-12 17:22:18
data/cropped_fields/ogrenci_numara/train_IMG_1485_HEIC.rf.NXkcT9rlwWU0XNXt33cy_ogrenci_numara.jpg,8475639102,ogrenci_numara,train_IMG_1485_HEIC.rf.NXkcT9rlwWU0XNXt33cy_ogrenci_numara.jpg,train,mehmet,2026-07-12 17:22:52
data/cropped_fields/ogrenci_numara/train_IMG_1485_jpg.rf.VThxIfaFaKsv3A6rX9QS_ogrenci_numara.jpg,8475639102,ogrenci_numara,train_IMG_1485_jpg.rf.VThxIfaFaKsv3A6rX9QS_ogrenci_numara.jpg,train,mehmet,2026-07-12 17:23:04
data/cropped_fields/ogrenci_numara/train_IMG_1486_jpg.rf.XQJgFu48hMBbM5fJgXKA_ogrenci_numara.jpg,5039481756,ogrenci_numara,train_IMG_1486_jpg.rf.XQJgFu48hMBbM5fJgXKA_ogrenci_numara.jpg,train,mehmet,2026-07-12 17:23:43
data/cropped_fields/ogrenci_numara/train_IMG_1487_HEIC.rf.Fix6VeOJdpBMrxVaNuPO_ogrenci_numara.jpg,6758491032,ogrenci_numara,train_IMG_1487_HEIC.rf.Fix6VeOJdpBMrxVaNuPO_ogrenci_numara.jpg,train,mehmet,2026-07-12 17:23:53
data/cropped_fields/ogrenci_numara/train_IMG_1487_jpg.rf.Tl5T6XVLcRFNkl4XZBo8_ogrenci_numara.jpg,6758491032,ogrenci_numara,train_IMG_1487_jpg.rf.Tl5T6XVLcRFNkl4XZBo8_ogrenci_numara.jpg,train,mehmet,2026-07-12 17:24:01
data/cropped_fields/ogrenci_numara/train_IMG_1488_HEIC.rf.RTN3tMGXKqUxB4lL2ZeF_ogrenci_numara.jpg,1928375640,ogrenci_numara,train_IMG_1488_HEIC.rf.RTN3tMGXKqUxB4lL2ZeF_ogrenci_numara.jpg,train,mehmet,2026-07-12 17:24:19
data/cropped_fields/ogrenci_numara/train_IMG_1488_jpg.rf.VQpwnFjsVo3nnHOiEtI9_ogrenci_numara.jpg,1928375640,ogrenci_numara,train_IMG_1488_jpg.rf.VQpwnFjsVo3nnHOiEtI9_ogrenci_numara.jpg,train,mehmet,2026-07-12 17:25:17
data/cropped_fields/ogrenci_numara/train_IMG_1489_jpg.rf.SGh0rNYftdUPHFpeTOhd_ogrenci_numara.jpg,4829103847,ogrenci_numara,train_IMG_1489_jpg.rf.SGh0rNYftdUPHFpeTOhd_ogrenci_numara.jpg,train,mehmet,2026-07-12 17:25:30
data/cropped_fields/ogrenci_numara/train_IMG_1490_jpg.rf.q9MXiOkMTJyt1aWp6W0J_ogrenci_numara.jpg,2938475102,ogrenci_numara,train_IMG_1490_jpg.rf.q9MXiOkMTJyt1aWp6W0J_ogrenci_numara.jpg,train,mehmet,2026-07-12 17:25:46
data/cropped_fields/ogrenci_numara/train_IMG_1491_jpg.rf.PSRqCrXdVYhJODd7V2Hj_ogrenci_numara.jpg,9485710293,ogrenci_numara,train_IMG_1491_jpg.rf.PSRqCrXdVYhJODd7V2Hj_ogrenci_numara.jpg,train,mehmet,2026-07-12 17:25:59
data/cropped_fields/ogrenci_numara/train_IMG_1492_jpg.rf.cOpOmpf54OSZ5wVP801r_ogrenci_numara.jpg,5719283746,ogrenci_numara,train_IMG_1492_jpg.rf.cOpOmpf54OSZ5wVP801r_ogrenci_numara.jpg,train,mehmet,2026-07-12 17:26:18
data/cropped_fields/ogrenci_numara/train_IMG_1494_jpg.rf.SbV1mA8m8JckVFb8VYOb_ogrenci_numara.jpg,8374659102,ogrenci_numara,train_IMG_1494_jpg.rf.SbV1mA8m8JckVFb8VYOb_ogrenci_numara.jpg,train,mehmet,2026-07-12 17:26:40
data/cropped_fields/ogrenci_numara/train_IMG_1495_HEIC.rf.xUKqrjMk5vcm2QVRMCX5_ogrenci_numara.jpg,4758291034,ogrenci_numara,train_IMG_1495_HEIC.rf.xUKqrjMk5vcm2QVRMCX5_ogrenci_numara.jpg,train,mehmet,2026-07-12 17:26:58
data/cropped_fields/ogrenci_numara/train_IMG_1495_jpg.rf.NkLWbhzmS3BRSDp11dSF_ogrenci_numara.jpg,4758291034,ogrenci_numara,train_IMG_1495_jpg.rf.NkLWbhzmS3BRSDp11dSF_ogrenci_numara.jpg,train,mehmet,2026-07-12 17:27:06
data/cropped_fields/ogrenci_numara/train_IMG_1496_jpg.rf.OLzvkIrLLL03qvO037sy_ogrenci_numara.jpg,6928374105,ogrenci_numara,train_IMG_1496_jpg.rf.OLzvkIrLLL03qvO037sy_ogrenci_numara.jpg,train,mehmet,2026-07-12 17:27:15
data/cropped_fields/ogrenci_numara/train_IMG_1497_HEIC.rf.dYFiRM2StrR4qXEaVgPp_ogrenci_numara.jpg,3847592013,ogrenci_numara,train_IMG_1497_HEIC.rf.dYFiRM2StrR4qXEaVgPp_ogrenci_numara.jpg,train,mehmet,2026-07-12 17:27:27
data/cropped_fields/ogrenci_numara/train_IMG_1498_HEIC.rf.yE0akbniwbubrq93nej8_ogrenci_numara.jpg,7192837465,ogrenci_numara,train_IMG_1498_HEIC.rf.yE0akbniwbubrq93nej8_ogrenci_numara.jpg,train,mehmet,2026-07-12 17:27:38
data/cropped_fields/ogrenci_numara/train_IMG_1498_jpg.rf.wPiZguRR5lmL0ElMBN2i_ogrenci_numara.jpg,7192837465,ogrenci_numara,train_IMG_1498_jpg.rf.wPiZguRR5lmL0ElMBN2i_ogrenci_numara.jpg,train,mehmet,2026-07-12 17:27:47
data/cropped_fields/ogrenci_numara/train_IMG_1499_HEIC.rf.SUS9d3wrzWcWXQ0H2KPz_ogrenci_numara.jpg,5049382716,ogrenci_numara,train_IMG_1499_HEIC.rf.SUS9d3wrzWcWXQ0H2KPz_ogrenci_numara.jpg,train,mehmet,2026-07-12 17:27:57
data/cropped_fields/ogrenci_numara/train_IMG_1500_HEIC.rf.CjA6k51hFcG97YnpwxFy_ogrenci_numara.jpg,8374659201,ogrenci_numara,train_IMG_1500_HEIC.rf.CjA6k51hFcG97YnpwxFy_ogrenci_numara.jpg,train,mehmet,2026-07-12 17:28:07
data/cropped_fields/ogrenci_numara/train_IMG_1500_jpg.rf.SldRvZZ3MdwcO7Arbuze_ogrenci_numara.jpg,8374659201,ogrenci_numara,train_IMG_1500_jpg.rf.SldRvZZ3MdwcO7Arbuze_ogrenci_numara.jpg,train,mehmet,2026-07-12 17:28:17
data/cropped_fields/ogrenci_numara/train_IMG_1501_HEIC.rf.m1bzf5sEwGXo2Ky74zLh_ogrenci_numara.jpg,2938475610,ogrenci_numara,train_IMG_1501_HEIC.rf.m1bzf5sEwGXo2Ky74zLh_ogrenci_numara.jpg,train,mehmet,2026-07-12 17:28:25
data/cropped_fields/ogrenci_numara/train_IMG_1501_jpg.rf.a3jOMXU88NKvEXZqn4oI_ogrenci_numara.jpg,2938475610,ogrenci_numara,train_IMG_1501_jpg.rf.a3jOMXU88NKvEXZqn4oI_ogrenci_numara.jpg,train,mehmet,2026-07-12 17:28:35
data/cropped_fields/ogrenci_numara/train_IMG_1502_HEIC.rf.LuvHp8ud6dYK2g3KLj1Z_ogrenci_numara.jpg,7485960123,ogrenci_numara,train_IMG_1502_HEIC.rf.LuvHp8ud6dYK2g3KLj1Z_ogrenci_numara.jpg,train,mehmet,2026-07-12 17:29:15
data/cropped_fields/ogrenci_numara/train_IMG_1503_jpg.rf.GoqLLUZ153ZOtimBDNSD_ogrenci_numara.jpg,3847569102,ogrenci_numara,train_IMG_1503_jpg.rf.GoqLLUZ153ZOtimBDNSD_ogrenci_numara.jpg,train,mehmet,2026-07-12 17:29:27
data/cropped_fields/ogrenci_numara/train_IMG_1504_jpg.rf.u6hgdyfASwDr6FoKQBZJ_ogrenci_numara.jpg,9201837465,ogrenci_numara,train_IMG_1504_jpg.rf.u6hgdyfASwDr6FoKQBZJ_ogrenci_numara.jpg,train,mehmet,2026-07-12 17:29:41
data/cropped_fields/ogrenci_numara/train_IMG_1506_jpg.rf.tZAfe0vGefMBRzVsyrqD_ogrenci_numara.jpg,1092837465,ogrenci_numara,train_IMG_1506_jpg.rf.tZAfe0vGefMBRzVsyrqD_ogrenci_numara.jpg,train,mehmet,2026-07-12 17:29:51
data/cropped_fields/ogrenci_numara/train_IMG_1508_jpg.rf.C4VQ28rFf6fbZIHaFXI2_ogrenci_numara.jpg,5938471026,ogrenci_numara,train_IMG_1508_jpg.rf.C4VQ28rFf6fbZIHaFXI2_ogrenci_numara.jpg,train,mehmet,2026-07-12 17:30:01
data/cropped_fields/ogrenci_numara/train_IMG_1509_jpg.rf.cnDamioPQfSQYSVG3D4E_ogrenci_numara.jpg,1728394056,ogrenci_numara,train_IMG_1509_jpg.rf.cnDamioPQfSQYSVG3D4E_ogrenci_numara.jpg,train,mehmet,2026-07-12 17:30:12
data/cropped_fields/ogrenci_numara/train_IMG_1510_jpg.rf.r9CuMU9o3qEQLom1JcrU_ogrenci_numara.jpg,1728394056,ogrenci_numara,train_IMG_1510_jpg.rf.r9CuMU9o3qEQLom1JcrU_ogrenci_numara.jpg,train,mehmet,2026-07-12 17:30:21
data/cropped_fields/ogrenci_numara/train_IMG_1511_jpg.rf.oXfsNVLhMgAyT1XcW5ki_ogrenci_numara.jpg,8293041567,ogrenci_numara,train_IMG_1511_jpg.rf.oXfsNVLhMgAyT1XcW5ki_ogrenci_numara.jpg,train,mehmet,2026-07-12 17:30:36
data/cropped_fields/ogrenci_numara/train_IMG_1512_jpg.rf.GSTODGfGMvxrQkRpDUWQ_ogrenci_numara.jpg,3847561029,ogrenci_numara,train_IMG_1512_jpg.rf.GSTODGfGMvxrQkRpDUWQ_ogrenci_numara.jpg,train,mehmet,2026-07-12 17:30:48
data/cropped_fields/ogrenci_numara/train_IMG_1514_jpg.rf.HnLkkoW1WI6x42ohpte5_ogrenci_numara.jpg,2039485761,ogrenci_numara,train_IMG_1514_jpg.rf.HnLkkoW1WI6x42ohpte5_ogrenci_numara.jpg,train,mehmet,2026-07-12 17:31:06
data/cropped_fields/ogrenci_numara/train_IMG_1516_jpg.rf.ma9aKVt5W1CqiUnBKZXH_ogrenci_numara.jpg,4958172630,ogrenci_numara,train_IMG_1516_jpg.rf.ma9aKVt5W1CqiUnBKZXH_ogrenci_numara.jpg,train,mehmet,2026-07-12 17:31:22
data/cropped_fields/ogrenci_numara/train_IMG_1517_jpg.rf.DfnGixCu87yVG5pjePtZ_ogrenci_numara.jpg,9384756012,ogrenci_numara,train_IMG_1517_jpg.rf.DfnGixCu87yVG5pjePtZ_ogrenci_numara.jpg,train,mehmet,2026-07-12 17:31:32
data/cropped_fields/ogrenci_numara/train_IMG_1518_jpg.rf.zSUH9PDRb89pg82GL8yz_ogrenci_numara.jpg,1928374605,ogrenci_numara,train_IMG_1518_jpg.rf.zSUH9PDRb89pg82GL8yz_ogrenci_numara.jpg,train,mehmet,2026-07-12 17:31:50
data/cropped_fields/ogrenci_numara/train_IMG_1519_jpg.rf.YBGdwly01C0rNWmGoP0d_ogrenci_numara.jpg,5847392016,ogrenci_numara,train_IMG_1519_jpg.rf.YBGdwly01C0rNWmGoP0d_ogrenci_numara.jpg,train,mehmet,2026-07-12 17:32:00
data/cropped_fields/ogrenci_numara/train_IMG_1520_jpg.rf.kPOHYW8iyeFpUKILuzRr_ogrenci_numara.jpg,1726354890,ogrenci_numara,train_IMG_1520_jpg.rf.kPOHYW8iyeFpUKILuzRr_ogrenci_numara.jpg,train,mehmet,2026-07-12 17:32:17
data/cropped_fields/ogrenci_numara/train_IMG_1521_jpg.rf.SiWHmAcKQhjhUS5QHr0y_ogrenci_numara.jpg,8493021756,ogrenci_numara,train_IMG_1521_jpg.rf.SiWHmAcKQhjhUS5QHr0y_ogrenci_numara.jpg,train,mehmet,2026-07-12 17:32:52
data/cropped_fields/ogrenci_numara/train_IMG_1523_jpg.rf.JpActPrEu3b40vMJc9BR_ogrenci_numara.jpg,6059483712,ogrenci_numara,train_IMG_1523_jpg.rf.JpActPrEu3b40vMJc9BR_ogrenci_numara.jpg,train,mehmet,2026-07-12 17:33:03
data/cropped_fields/ogrenci_numara/train_IMG_1524_jpg.rf.Td8pQUp6B5IcK1WyaYyI_ogrenci_numara.jpg,2837465910,ogrenci_numara,train_IMG_1524_jpg.rf.Td8pQUp6B5IcK1WyaYyI_ogrenci_numara.jpg,train,mehmet,2026-07-12 17:33:16
data/cropped_fields/ogrenci_numara/train_IMG_1525_jpg.rf.psYXgnacqvKHsYc0YnIs_ogrenci_numara.jpg,7584930126,ogrenci_numara,train_IMG_1525_jpg.rf.psYXgnacqvKHsYc0YnIs_ogrenci_numara.jpg,train,mehmet,2026-07-12 17:33:43
data/cropped_fields/ogrenci_numara/train_IMG_1526_jpg.rf.edLeJrFliDRgtLHQEV3q_ogrenci_numara.jpg,9102837465,ogrenci_numara,train_IMG_1526_jpg.rf.edLeJrFliDRgtLHQEV3q_ogrenci_numara.jpg,train,mehmet,2026-07-12 17:33:54
data/cropped_fields/ogrenci_numara/train_IMG_1527_jpg.rf.VJZoOInr9wDfXd102Avm_ogrenci_numara.jpg,4657382901,ogrenci_numara,train_IMG_1527_jpg.rf.VJZoOInr9wDfXd102Avm_ogrenci_numara.jpg,train,mehmet,2026-07-12 17:34:08
data/cropped_fields/ogrenci_numara/train_IMG_1528_jpg.rf.YA6pHv1fNujbpcgxEPeE_ogrenci_numara.jpg,4857391026,ogrenci_numara,train_IMG_1528_jpg.rf.YA6pHv1fNujbpcgxEPeE_ogrenci_numara.jpg,train,mehmet,2026-07-12 17:34:16
data/cropped_fields/ogrenci_numara/train_IMG_1530_jpg.rf.V7DO1MSkhH2CdqkBZXoS_ogrenci_numara.jpg,2839405162,ogrenci_numara,train_IMG_1530_jpg.rf.V7DO1MSkhH2CdqkBZXoS_ogrenci_numara.jpg,train,mehmet,2026-07-12 17:34:34
data/cropped_fields/ogrenci_numara/train_IMG_1531_jpg.rf.NfKFTGJLdipMmf9aTb2Q_ogrenci_numara.jpg,9384756102,ogrenci_numara,train_IMG_1531_jpg.rf.NfKFTGJLdipMmf9aTb2Q_ogrenci_numara.jpg,train,mehmet,2026-07-12 17:34:44
data/cropped_fields/ogrenci_numara/train_IMG_1532_jpg.rf.oud1AyooC8gA0nPeiAlv_ogrenci_numara.jpg,5918273645,ogrenci_numara,train_IMG_1532_jpg.rf.oud1AyooC8gA0nPeiAlv_ogrenci_numara.jpg,train,mehmet,2026-07-12 17:35:10
data/cropped_fields/ogrenci_numara/train_IMG_1533_jpg.rf.WNhJELCAf5IlRtyR50gL_ogrenci_numara.jpg,1827364509,ogrenci_numara,train_IMG_1533_jpg.rf.WNhJELCAf5IlRtyR50gL_ogrenci_numara.jpg,train,mehmet,2026-07-12 17:35:22
data/cropped_fields/ogrenci_numara/train_IMG_1534_jpg.rf.rVW0Sh2oGJ8vro75p4E6_ogrenci_numara.jpg,7465819203,ogrenci_numara,train_IMG_1534_jpg.rf.rVW0Sh2oGJ8vro75p4E6_ogrenci_numara.jpg,train,mehmet,2026-07-12 17:35:31
data/cropped_fields/ogrenci_numara/train_IMG_1535_jpg.rf.j4zUVUesDoOJ9eo4yEMp_ogrenci_numara.jpg,3948571620,ogrenci_numara,train_IMG_1535_jpg.rf.j4zUVUesDoOJ9eo4yEMp_ogrenci_numara.jpg,train,mehmet,2026-07-12 17:35:41
data/cropped_fields/ogrenci_numara/train_IMG_1536_jpg.rf.6g0B05XjDYZ2M7P4oAnC_ogrenci_numara.jpg,8574639201,ogrenci_numara,train_IMG_1536_jpg.rf.6g0B05XjDYZ2M7P4oAnC_ogrenci_numara.jpg,train,mehmet,2026-07-12 17:35:50
data/cropped_fields/ogrenci_numara/train_IMG_1537_jpg.rf.wO1GkEP1RcHNmckAWRXN_ogrenci_numara.jpg,2039485716,ogrenci_numara,train_IMG_1537_jpg.rf.wO1GkEP1RcHNmckAWRXN_ogrenci_numara.jpg,train,mehmet,2026-07-12 17:36:00
data/cropped_fields/ogrenci_numara/train_IMG_1538_jpg.rf.qJWHhb3TJk4zuI3Wqxvw_ogrenci_numara.jpg,6172839405,ogrenci_numara,train_IMG_1538_jpg.rf.qJWHhb3TJk4zuI3Wqxvw_ogrenci_numara.jpg,train,mehmet,2026-07-12 17:36:11
data/cropped_fields/ogrenci_numara/train_IMG_1539_jpg.rf.sfNqU0PYUJ8C1csVKbwl_ogrenci_numara.jpg,7485960213,ogrenci_numara,train_IMG_1539_jpg.rf.sfNqU0PYUJ8C1csVKbwl_ogrenci_numara.jpg,train,mehmet,2026-07-12 17:36:27
data/cropped_fields/ogrenci_numara/train_IMG_1540_jpg.rf.qBbN7ifW2gSnYYytpCy3_ogrenci_numara.jpg,9182736450,ogrenci_numara,train_IMG_1540_jpg.rf.qBbN7ifW2gSnYYytpCy3_ogrenci_numara.jpg,train,mehmet,2026-07-12 17:36:41
data/cropped_fields/ogrenci_numara/train_IMG_1541_jpg.rf.Nj5rCbIecSA0jQNtGjfh_ogrenci_numara.jpg,9283746510,ogrenci_numara,train_IMG_1541_jpg.rf.Nj5rCbIecSA0jQNtGjfh_ogrenci_numara.jpg,train,mehmet,2026-07-12 17:36:56
data/cropped_fields/ogrenci_numara/train_IMG_1542_jpg.rf.uIFflZqJxYa5qOeUSSXR_ogrenci_numara.jpg,5748392016,ogrenci_numara,train_IMG_1542_jpg.rf.uIFflZqJxYa5qOeUSSXR_ogrenci_numara.jpg,train,mehmet,2026-07-12 17:37:04
data/cropped_fields/ogrenci_numara/train_IMG_1544_jpg.rf.WtMuoQSQbSAEPWmBXFuZ_ogrenci_numara.jpg,8374650192,ogrenci_numara,train_IMG_1544_jpg.rf.WtMuoQSQbSAEPWmBXFuZ_ogrenci_numara.jpg,train,mehmet,2026-07-12 17:37:14
data/cropped_fields/ogrenci_numara/train_IMG_1545_jpg.rf.QrUV1EhMO7Hr8MsgRlbv_ogrenci_numara.jpg,4657382910,ogrenci_numara,train_IMG_1545_jpg.rf.QrUV1EhMO7Hr8MsgRlbv_ogrenci_numara.jpg,train,mehmet,2026-07-12 17:37:23
data/cropped_fields/ogrenci_numara/train_IMG_1547_jpg.rf.DQdqaawXu16fpqcsugYH_ogrenci_numara.jpg,7584930216,ogrenci_numara,train_IMG_1547_jpg.rf.DQdqaawXu16fpqcsugYH_ogrenci_numara.jpg,train,mehmet,2026-07-12 17:37:34
data/cropped_fields/ogrenci_numara/train_IMG_1548_jpg.rf.GmEKxszdx4pqpWXBMUei_ogrenci_numara.jpg,3049581726,ogrenci_numara,train_IMG_1548_jpg.rf.GmEKxszdx4pqpWXBMUei_ogrenci_numara.jpg,train,mehmet,2026-07-12 17:37:43
data/cropped_fields/ogrenci_numara/train_IMG_1550_jpg.rf.jxzr4mjEd5bEnMDSJ3zk_ogrenci_numara.jpg,5049382716,ogrenci_numara,train_IMG_1550_jpg.rf.jxzr4mjEd5bEnMDSJ3zk_ogrenci_numara.jpg,train,mehmet,2026-07-12 17:37:53
data/cropped_fields/ogrenci_numara/train_IMG_1551_jpg.rf.j8aNNjPJAPF5gKBautcu_ogrenci_numara.jpg,8594031726,ogrenci_numara,train_IMG_1551_jpg.rf.j8aNNjPJAPF5gKBautcu_ogrenci_numara.jpg,train,mehmet,2026-07-12 17:38:04
data/cropped_fields/ogrenci_numara/train_IMG_1552_jpg.rf.gamhk8T8QPE3S945Bavr_ogrenci_numara.jpg,6374859102,ogrenci_numara,train_IMG_1552_jpg.rf.gamhk8T8QPE3S945Bavr_ogrenci_numara.jpg,train,mehmet,2026-07-12 17:38:18
data/cropped_fields/ogrenci_numara/train_IMG_1553_jpg.rf.yLUaIRlh9X2SVf7oUd6N_ogrenci_numara.jpg,4657382910,ogrenci_numara,train_IMG_1553_jpg.rf.yLUaIRlh9X2SVf7oUd6N_ogrenci_numara.jpg,train,mehmet,2026-07-12 17:38:30
data/cropped_fields/ogrenci_numara/train_IMG_1555_jpg.rf.lrz9YjBvH8zu3xTtTsAM_ogrenci_numara.jpg,3847561920,ogrenci_numara,train_IMG_1555_jpg.rf.lrz9YjBvH8zu3xTtTsAM_ogrenci_numara.jpg,train,mehmet,2026-07-12 17:38:39
data/cropped_fields/ogrenci_numara/train_IMG_1556_jpg.rf.N7TwvEy9klktgsKWfkn0_ogrenci_numara.jpg,7584930216,ogrenci_numara,train_IMG_1556_jpg.rf.N7TwvEy9klktgsKWfkn0_ogrenci_numara.jpg,train,mehmet,2026-07-12 17:38:47
data/cropped_fields/ogrenci_numara/train_IMG_1557_jpg.rf.cJutRHv4mSJDvxKwUxYX_ogrenci_numara.jpg,2022141046,ogrenci_numara,train_IMG_1557_jpg.rf.cJutRHv4mSJDvxKwUxYX_ogrenci_numara.jpg,train,mehmet,2026-07-12 17:38:57
data/cropped_fields/ogrenci_numara/train_IMG_1558_jpg.rf.6ya5ao8dGLM3dXz0B9Tq_ogrenci_numara.jpg,7117321458,ogrenci_numara,train_IMG_1558_jpg.rf.6ya5ao8dGLM3dXz0B9Tq_ogrenci_numara.jpg,train,mehmet,2026-07-12 17:39:07
data/cropped_fields/ogrenci_numara/train_IMG_1560_jpg.rf.sls4ZFm4cvduVV1iU47e_ogrenci_numara.jpg,23060911010,ogrenci_numara,train_IMG_1560_jpg.rf.sls4ZFm4cvduVV1iU47e_ogrenci_numara.jpg,train,mehmet,2026-07-12 17:48:21
data/cropped_fields/ogrenci_numara/train_IMG_1561_jpg.rf.o6w917GCH0WXH2hL4BRD_ogrenci_numara.jpg,22060911210,ogrenci_numara,train_IMG_1561_jpg.rf.o6w917GCH0WXH2hL4BRD_ogrenci_numara.jpg,train,mehmet,2026-07-12 17:49:05
data/cropped_fields/ogrenci_numara/train_IMG_1562_jpg.rf.Up3HbAJdWayH1T8mdMos_ogrenci_numara.jpg,22070911013,ogrenci_numara,train_IMG_1562_jpg.rf.Up3HbAJdWayH1T8mdMos_ogrenci_numara.jpg,train,mehmet,2026-07-12 17:49:18
data/cropped_fields/ogrenci_numara/train_IMG_1563_jpg.rf.ItsiiVQJJMuPAlEStY05_ogrenci_numara.jpg,21060911017,ogrenci_numara,train_IMG_1563_jpg.rf.ItsiiVQJJMuPAlEStY05_ogrenci_numara.jpg,train,mehmet,2026-07-12 17:49:38
data/cropped_fields/ogrenci_numara/train_IMG_1564_jpg.rf.75W1QYPc0OwvsN8XIgkd_ogrenci_numara.jpg,2407080975,ogrenci_numara,train_IMG_1564_jpg.rf.75W1QYPc0OwvsN8XIgkd_ogrenci_numara.jpg,train,mehmet,2026-07-12 17:49:50
data/cropped_fields/ogrenci_numara/train_IMG_1565_jpg.rf.NClYUhBRgU4NAOJ7fpME_ogrenci_numara.jpg,2708091123,ogrenci_numara,train_IMG_1565_jpg.rf.NClYUhBRgU4NAOJ7fpME_ogrenci_numara.jpg,train,mehmet,2026-07-12 17:50:00
data/cropped_fields/ogrenci_numara/train_IMG_1566_jpg.rf.v7Br4CtEBHCPfKYAyFZT_ogrenci_numara.jpg,4506085341,ogrenci_numara,train_IMG_1566_jpg.rf.v7Br4CtEBHCPfKYAyFZT_ogrenci_numara.jpg,train,mehmet,2026-07-12 17:50:10
data/cropped_fields/ogrenci_numara/train_IMG_1567_jpg.rf.5peg3eccvopdOtXkg0Vk_ogrenci_numara.jpg,1306091135,ogrenci_numara,train_IMG_1567_jpg.rf.5peg3eccvopdOtXkg0Vk_ogrenci_numara.jpg,train,mehmet,2026-07-12 17:50:20
data/cropped_fields/ogrenci_numara/train_IMG_1568_jpg.rf.aipoMAhHeylSR0yMITLT_ogrenci_numara.jpg,5872321212,ogrenci_numara,train_IMG_1568_jpg.rf.aipoMAhHeylSR0yMITLT_ogrenci_numara.jpg,train,mehmet,2026-07-12 17:50:35
data/cropped_fields/ogrenci_numara/train_IMG_1569_jpg.rf.Bh7lUFi3lw9XZ3yf1EIY_ogrenci_numara.jpg,4234567810,ogrenci_numara,train_IMG_1569_jpg.rf.Bh7lUFi3lw9XZ3yf1EIY_ogrenci_numara.jpg,train,mehmet,2026-07-12 17:50:45
data/cropped_fields/ogrenci_numara/train_IMG_1570_jpg.rf.Rfb5siZts35uWNRVUqin_ogrenci_numara.jpg,8173756314,ogrenci_numara,train_IMG_1570_jpg.rf.Rfb5siZts35uWNRVUqin_ogrenci_numara.jpg,train,mehmet,2026-07-12 17:50:55
data/cropped_fields/ogrenci_numara/train_IMG_1571_jpg.rf.p87XWHzl6ktoTTKKe2Tl_ogrenci_numara.jpg,7883457124,ogrenci_numara,train_IMG_1571_jpg.rf.p87XWHzl6ktoTTKKe2Tl_ogrenci_numara.jpg,train,mehmet,2026-07-12 17:51:07
data/cropped_fields/ogrenci_numara/train_IMG_1572_jpg.rf.qpXxDmGur8dC7quBaMR6_ogrenci_numara.jpg,9122060911,ogrenci_numara,train_IMG_1572_jpg.rf.qpXxDmGur8dC7quBaMR6_ogrenci_numara.jpg,train,mehmet,2026-07-12 17:51:18
data/cropped_fields/ogrenci_numara/train_IMG_1573_jpg.rf.zwJkXVG4bmyCuOKFFa9l_ogrenci_numara.jpg,8375736110,ogrenci_numara,train_IMG_1573_jpg.rf.zwJkXVG4bmyCuOKFFa9l_ogrenci_numara.jpg,train,mehmet,2026-07-12 17:51:29
data/cropped_fields/ogrenci_numara/train_IMG_1574_jpg.rf.SKTC0NsFu1YsMphXTtH8_ogrenci_numara.jpg,4320026677,ogrenci_numara,train_IMG_1574_jpg.rf.SKTC0NsFu1YsMphXTtH8_ogrenci_numara.jpg,train,mehmet,2026-07-12 17:51:41
data/cropped_fields/ogrenci_numara/train_IMG_1575_jpg.rf.ZStrUm0ugwBK79Jk6vae_ogrenci_numara.jpg,9231005426,ogrenci_numara,train_IMG_1575_jpg.rf.ZStrUm0ugwBK79Jk6vae_ogrenci_numara.jpg,train,mehmet,2026-07-12 17:51:52
data/cropped_fields/ogrenci_numara/train_IMG_1576_jpg.rf.YWNPRcMV4e5E029T6xSg_ogrenci_numara.jpg,5045487210,ogrenci_numara,train_IMG_1576_jpg.rf.YWNPRcMV4e5E029T6xSg_ogrenci_numara.jpg,train,mehmet,2026-07-12 17:52:09
data/cropped_fields/ogrenci_numara/train_IMG_1577_jpg.rf.UUOzkczTIT9X2TnldZ2P_ogrenci_numara.jpg,9213457217,ogrenci_numara,train_IMG_1577_jpg.rf.UUOzkczTIT9X2TnldZ2P_ogrenci_numara.jpg,train,mehmet,2026-07-12 17:52:39
data/cropped_fields/ogrenci_numara/train_IMG_1578_jpg.rf.AQFZ0iUk1BKLXEqZ4uHh_ogrenci_numara.jpg,0011300109,ogrenci_numara,train_IMG_1578_jpg.rf.AQFZ0iUk1BKLXEqZ4uHh_ogrenci_numara.jpg,train,mehmet,2026-07-12 17:52:49
data/cropped_fields/ogrenci_numara/train_IMG_1579_jpg.rf.ltgNMvtB47IioNqbXuSQ_ogrenci_numara.jpg,0011300110,ogrenci_numara,train_IMG_1579_jpg.rf.ltgNMvtB47IioNqbXuSQ_ogrenci_numara.jpg,train,mehmet,2026-07-12 17:52:57
data/cropped_fields/ogrenci_numara/train_IMG_1580_jpg.rf.3hC8rcfrCeEB4UgoTdHv_ogrenci_numara.jpg,0011300114,ogrenci_numara,train_IMG_1580_jpg.rf.3hC8rcfrCeEB4UgoTdHv_ogrenci_numara.jpg,train,mehmet,2026-07-12 17:53:10
data/cropped_fields/ogrenci_numara/train_IMG_1581_jpg.rf.MKjPP2YrSwzTT64V4ZGY_ogrenci_numara.jpg,0011300125,ogrenci_numara,train_IMG_1581_jpg.rf.MKjPP2YrSwzTT64V4ZGY_ogrenci_numara.jpg,train,mehmet,2026-07-12 17:53:30
data/cropped_fields/ogrenci_numara/train_IMG_1582_jpg.rf.cobrdGFKFkxQ6YSd8Q6e_ogrenci_numara.jpg,0011300115,ogrenci_numara,train_IMG_1582_jpg.rf.cobrdGFKFkxQ6YSd8Q6e_ogrenci_numara.jpg,train,mehmet,2026-07-12 17:53:39
data/cropped_fields/ogrenci_numara/train_IMG_1583_jpg.rf.yKjYF1zYA5PVTcMmvucK_ogrenci_numara.jpg,0011300116,ogrenci_numara,train_IMG_1583_jpg.rf.yKjYF1zYA5PVTcMmvucK_ogrenci_numara.jpg,train,mehmet,2026-07-12 17:53:44
data/cropped_fields/ogrenci_numara/train_IMG_1584_jpg.rf.edBLme6ikTcDornlKmCX_ogrenci_numara.jpg,0011300117,ogrenci_numara,train_IMG_1584_jpg.rf.edBLme6ikTcDornlKmCX_ogrenci_numara.jpg,train,mehmet,2026-07-12 17:53:49
data/cropped_fields/ogrenci_numara/train_IMG_1585_jpg.rf.7E2ERoYRYc4YbaXsfRYT_ogrenci_numara.jpg,0011300118,ogrenci_numara,train_IMG_1585_jpg.rf.7E2ERoYRYc4YbaXsfRYT_ogrenci_numara.jpg,train,mehmet,2026-07-12 17:53:54
data/cropped_fields/ogrenci_numara/train_IMG_1586_jpg.rf.agDr8A3gygVTkP2ZiKsC_ogrenci_numara.jpg,0011300119,ogrenci_numara,train_IMG_1586_jpg.rf.agDr8A3gygVTkP2ZiKsC_ogrenci_numara.jpg,train,mehmet,2026-07-12 17:53:59
data/cropped_fields/ogrenci_numara/train_IMG_1587_jpg.rf.lUskCodfJdlT4cURIxHb_ogrenci_numara.jpg,0011300103,ogrenci_numara,train_IMG_1587_jpg.rf.lUskCodfJdlT4cURIxHb_ogrenci_numara.jpg,train,mehmet,2026-07-12 17:54:03
data/cropped_fields/ogrenci_numara/train_IMG_1588_jpg.rf.gNREJQO6K30W9tyJj7U4_ogrenci_numara.jpg,0011300102,ogrenci_numara,train_IMG_1588_jpg.rf.gNREJQO6K30W9tyJj7U4_ogrenci_numara.jpg,train,mehmet,2026-07-12 17:54:08
data/cropped_fields/ogrenci_numara/train_IMG_1589_jpg.rf.wb0uiFt2hq5uXt70bxgY_ogrenci_numara.jpg,0011300126,ogrenci_numara,train_IMG_1589_jpg.rf.wb0uiFt2hq5uXt70bxgY_ogrenci_numara.jpg,train,mehmet,2026-07-12 17:54:13
data/cropped_fields/ogrenci_numara/train_IMG_1590_jpg.rf.HsDIshMAOyVEBLt3Xm2z_ogrenci_numara.jpg,0011300127,ogrenci_numara,train_IMG_1590_jpg.rf.HsDIshMAOyVEBLt3Xm2z_ogrenci_numara.jpg,train,mehmet,2026-07-12 17:54:16
data/cropped_fields/ogrenci_numara/train_IMG_1591_jpg.rf.14FuhvnSLNxg87Aoq8Pt_ogrenci_numara.jpg,0011300129,ogrenci_numara,train_IMG_1591_jpg.rf.14FuhvnSLNxg87Aoq8Pt_ogrenci_numara.jpg,train,mehmet,2026-07-12 17:54:29
data/cropped_fields/ogrenci_numara/train_IMG_1592_jpg.rf.rEYoyLmx2ttCMAUsAzZx_ogrenci_numara.jpg,0011300128,ogrenci_numara,train_IMG_1592_jpg.rf.rEYoyLmx2ttCMAUsAzZx_ogrenci_numara.jpg,train,mehmet,2026-07-12 17:54:40
data/cropped_fields/ogrenci_numara/train_IMG_1593_jpg.rf.9pZVObRztukjJDWsN8d6_ogrenci_numara.jpg,0011300104,ogrenci_numara,train_IMG_1593_jpg.rf.9pZVObRztukjJDWsN8d6_ogrenci_numara.jpg,train,mehmet,2026-07-12 17:54:49
data/cropped_fields/ogrenci_numara/train_IMG_1594_jpg.rf.IYRuYdhHJYgeOtSulQnd_ogrenci_numara.jpg,0011300105,ogrenci_numara,train_IMG_1594_jpg.rf.IYRuYdhHJYgeOtSulQnd_ogrenci_numara.jpg,train,mehmet,2026-07-12 17:54:53
data/cropped_fields/ogrenci_numara/train_IMG_1595_jpg.rf.COUj5ANb53Q3HBXxxa6i_ogrenci_numara.jpg,0011300106,ogrenci_numara,train_IMG_1595_jpg.rf.COUj5ANb53Q3HBXxxa6i_ogrenci_numara.jpg,train,mehmet,2026-07-12 17:54:57
data/cropped_fields/ogrenci_numara/train_IMG_1596_jpg.rf.pl58DNaReyrMgi7ciyCp_ogrenci_numara.jpg,0011300107,ogrenci_numara,train_IMG_1596_jpg.rf.pl58DNaReyrMgi7ciyCp_ogrenci_numara.jpg,train,mehmet,2026-07-12 17:55:02
data/cropped_fields/ogrenci_numara/train_IMG_1597_jpg.rf.Z6OaExzmJlB9pjDZ8h3Z_ogrenci_numara.jpg,0011300108,ogrenci_numara,train_IMG_1597_jpg.rf.Z6OaExzmJlB9pjDZ8h3Z_ogrenci_numara.jpg,train,mehmet,2026-07-12 17:55:07
data/cropped_fields/ogrenci_numara/train_IMG_1598_jpg.rf.yCb5LnjuxGP5w6mW8OQW_ogrenci_numara.jpg,2320720710,ogrenci_numara,train_IMG_1598_jpg.rf.yCb5LnjuxGP5w6mW8OQW_ogrenci_numara.jpg,train,mehmet,2026-07-12 17:55:21
data/cropped_fields/ogrenci_numara/train_IMG_1599_jpg.rf.Z8KlF6LaJ2zL4vkaK6W1_ogrenci_numara.jpg,2789072012,ogrenci_numara,train_IMG_1599_jpg.rf.Z8KlF6LaJ2zL4vkaK6W1_ogrenci_numara.jpg,train,mehmet,2026-07-12 17:55:34
data/cropped_fields/ogrenci_numara/train_IMG_1600_jpg.rf.bu29AT3XAAYiI7Con5XH_ogrenci_numara.jpg,2198071079,ogrenci_numara,train_IMG_1600_jpg.rf.bu29AT3XAAYiI7Con5XH_ogrenci_numara.jpg,train,mehmet,2026-07-12 17:55:47
data/cropped_fields/ogrenci_numara/train_IMG_1601_jpg.rf.HK6Bhhxn9MtWVplcl4Gb_ogrenci_numara.jpg,2311071972,ogrenci_numara,train_IMG_1601_jpg.rf.HK6Bhhxn9MtWVplcl4Gb_ogrenci_numara.jpg,train,mehmet,2026-07-12 17:56:02
data/cropped_fields/ogrenci_numara/train_IMG_1602_jpg.rf.lM55Ht7ih6NxfUCIOfR5_ogrenci_numara.jpg,2311076371,ogrenci_numara,train_IMG_1602_jpg.rf.lM55Ht7ih6NxfUCIOfR5_ogrenci_numara.jpg,train,mehmet,2026-07-12 17:56:16
data/cropped_fields/ogrenci_numara/train_IMG_1603_jpg.rf.ZnS9Yjj4HxrwpUM9fvok_ogrenci_numara.jpg,2312072082,ogrenci_numara,train_IMG_1603_jpg.rf.ZnS9Yjj4HxrwpUM9fvok_ogrenci_numara.jpg,train,mehmet,2026-07-12 17:56:24
data/cropped_fields/ogrenci_numara/train_IMG_1604_jpg.rf.Q9Fl6CRiwJWxv7V6Nv9K_ogrenci_numara.jpg,2311982077,ogrenci_numara,train_IMG_1604_jpg.rf.Q9Fl6CRiwJWxv7V6Nv9K_ogrenci_numara.jpg,train,mehmet,2026-07-12 17:56:31
data/cropped_fields/ogrenci_numara/train_IMG_1605_jpg.rf.VpwlOmwHE15hW31vTA9l_ogrenci_numara.jpg,2311522078,ogrenci_numara,train_IMG_1605_jpg.rf.VpwlOmwHE15hW31vTA9l_ogrenci_numara.jpg,train,mehmet,2026-07-12 17:56:45
data/cropped_fields/ogrenci_numara/train_IMG_1606_jpg.rf.A39rAFOr9ia2D8moDWIA_ogrenci_numara.jpg,2311282070,ogrenci_numara,train_IMG_1606_jpg.rf.A39rAFOr9ia2D8moDWIA_ogrenci_numara.jpg,train,mehmet,2026-07-12 17:56:55
data/cropped_fields/ogrenci_numara/train_IMG_1607_jpg.rf.43g8f8a2PXSAa0JH7Sd0_ogrenci_numara.jpg,8111072073,ogrenci_numara,train_IMG_1607_jpg.rf.43g8f8a2PXSAa0JH7Sd0_ogrenci_numara.jpg,train,mehmet,2026-07-12 17:57:12
data/cropped_fields/ogrenci_numara/train_IMG_1608_jpg.rf.PIfOS2b54tf29wLXW0eJ_ogrenci_numara.jpg,1511072074,ogrenci_numara,train_IMG_1608_jpg.rf.PIfOS2b54tf29wLXW0eJ_ogrenci_numara.jpg,train,mehmet,2026-07-12 17:57:22
data/cropped_fields/ogrenci_numara/train_IMG_1609_jpg.rf.pY1yqN4DJPX4l6h2SYWv_ogrenci_numara.jpg,1611072078,ogrenci_numara,train_IMG_1609_jpg.rf.pY1yqN4DJPX4l6h2SYWv_ogrenci_numara.jpg,train,mehmet,2026-07-12 17:57:31
data/cropped_fields/ogrenci_numara/train_IMG_1610_jpg.rf.bhhTwhS6ehS9j1Lhbtj3_ogrenci_numara.jpg,2311072001,ogrenci_numara,train_IMG_1610_jpg.rf.bhhTwhS6ehS9j1Lhbtj3_ogrenci_numara.jpg,train,mehmet,2026-07-12 17:57:39
data/cropped_fields/ogrenci_numara/train_IMG_1611_jpg.rf.BxhicuOdV7RJuApogKJs_ogrenci_numara.jpg,1807468220,ogrenci_numara,train_IMG_1611_jpg.rf.BxhicuOdV7RJuApogKJs_ogrenci_numara.jpg,train,mehmet,2026-07-12 17:57:48
data/cropped_fields/ogrenci_numara/train_IMG_1612_jpg.rf.aVHMylVyax3zeQ9B6Nk2_ogrenci_numara.jpg,1708918932,ogrenci_numara,train_IMG_1612_jpg.rf.aVHMylVyax3zeQ9B6Nk2_ogrenci_numara.jpg,train,mehmet,2026-07-12 17:57:58
data/cropped_fields/ogrenci_numara/train_IMG_1613_jpg.rf.YG7aRYDFXn8Uo0U35seR_ogrenci_numara.jpg,1923072139,ogrenci_numara,train_IMG_1613_jpg.rf.YG7aRYDFXn8Uo0U35seR_ogrenci_numara.jpg,train,mehmet,2026-07-12 17:58:07
data/cropped_fields/ogrenci_numara/train_IMG_1614_jpg.rf.1PMnRp0Ims1wPhtkCbFc_ogrenci_numara.jpg,8011907207,ogrenci_numara,train_IMG_1614_jpg.rf.1PMnRp0Ims1wPhtkCbFc_ogrenci_numara.jpg,train,mehmet,2026-07-12 17:58:15
data/cropped_fields/ogrenci_numara/train_IMG_1615_jpg.rf.phQcpNf9Inp5daTrpNlg_ogrenci_numara.jpg,2311071923,ogrenci_numara,train_IMG_1615_jpg.rf.phQcpNf9Inp5daTrpNlg_ogrenci_numara.jpg,train,mehmet,2026-07-12 17:58:22
data/cropped_fields/ogrenci_numara/train_IMG_1616_jpg.rf.GTLvCd8Gll9KAMXYFBOi_ogrenci_numara.jpg,2311820714,ogrenci_numara,train_IMG_1616_jpg.rf.GTLvCd8Gll9KAMXYFBOi_ogrenci_numara.jpg,train,mehmet,2026-07-12 17:58:31
data/cropped_fields/ogrenci_numara/train_IMG_1617_jpg.rf.chlWWKsnpLluUAPIbdBl_ogrenci_numara.jpg,2311078207,ogrenci_numara,train_IMG_1617_jpg.rf.chlWWKsnpLluUAPIbdBl_ogrenci_numara.jpg,train,mehmet,2026-07-12 17:58:37
data/cropped_fields/ogrenci_numara/train_IMG_1618_jpg.rf.BVSYq3tSUNyXj1JJxhVv_ogrenci_numara.jpg,5657051718,ogrenci_numara,train_IMG_1618_jpg.rf.BVSYq3tSUNyXj1JJxhVv_ogrenci_numara.jpg,train,mehmet,2026-07-12 17:58:51
data/cropped_fields/ogrenci_numara/train_IMG_1619_jpg.rf.XP0g3oykz3lH5wWuLfdP_ogrenci_numara.jpg,2637192317,ogrenci_numara,train_IMG_1619_jpg.rf.XP0g3oykz3lH5wWuLfdP_ogrenci_numara.jpg,train,mehmet,2026-07-12 17:59:00
data/cropped_fields/ogrenci_numara/train_IMG_1620_jpg.rf.U0art8XUWrfijrCMwHE5_ogrenci_numara.jpg,4283673240,ogrenci_numara,train_IMG_1620_jpg.rf.U0art8XUWrfijrCMwHE5_ogrenci_numara.jpg,train,mehmet,2026-07-12 17:59:11
data/cropped_fields/ogrenci_numara/train_IMG_1621_jpg.rf.nlgHH2MEtLHwrpYfQiOp_ogrenci_numara.jpg,2122630471,ogrenci_numara,train_IMG_1621_jpg.rf.nlgHH2MEtLHwrpYfQiOp_ogrenci_numara.jpg,train,mehmet,2026-07-12 17:59:27
data/cropped_fields/ogrenci_numara/train_IMG_1622_jpg.rf.ngiekJZKsvUluGjNovHC_ogrenci_numara.jpg,2122630480,ogrenci_numara,train_IMG_1622_jpg.rf.ngiekJZKsvUluGjNovHC_ogrenci_numara.jpg,train,mehmet,2026-07-12 17:59:37
data/cropped_fields/ogrenci_numara/train_IMG_1623_jpg.rf.2mfENSjvKxlFEeTL5NxL_ogrenci_numara.jpg,4821473450,ogrenci_numara,train_IMG_1623_jpg.rf.2mfENSjvKxlFEeTL5NxL_ogrenci_numara.jpg,train,mehmet,2026-07-12 17:59:49
data/cropped_fields/ogrenci_numara/train_IMG_1624_jpg.rf.tL4V9OtAA6KjGcwi0I01_ogrenci_numara.jpg,3192250176,ogrenci_numara,train_IMG_1624_jpg.rf.tL4V9OtAA6KjGcwi0I01_ogrenci_numara.jpg,train,mehmet,2026-07-12 18:00:02
data/cropped_fields/ogrenci_numara/train_IMG_1625_jpg.rf.SHwb57CEjOmoY723cXnY_ogrenci_numara.jpg,1426324812,ogrenci_numara,train_IMG_1625_jpg.rf.SHwb57CEjOmoY723cXnY_ogrenci_numara.jpg,train,mehmet,2026-07-12 18:00:10
data/cropped_fields/ogrenci_numara/train_IMG_1626_jpg.rf.LClA9wmtq7PNO88XrDH4_ogrenci_numara.jpg,4241826719,ogrenci_numara,train_IMG_1626_jpg.rf.LClA9wmtq7PNO88XrDH4_ogrenci_numara.jpg,train,mehmet,2026-07-12 18:00:20
data/cropped_fields/ogrenci_numara/train_IMG_1627_jpg.rf.eF4H2EUdNwYMZaZeI2Kl_ogrenci_numara.jpg,3253214604,ogrenci_numara,train_IMG_1627_jpg.rf.eF4H2EUdNwYMZaZeI2Kl_ogrenci_numara.jpg,train,mehmet,2026-07-12 18:00:32
data/cropped_fields/ogrenci_numara/train_IMG_1628_jpg.rf.ewLzqpXDKsu1gzWGY0q7_ogrenci_numara.jpg,3143527963,ogrenci_numara,train_IMG_1628_jpg.rf.ewLzqpXDKsu1gzWGY0q7_ogrenci_numara.jpg,train,mehmet,2026-07-12 18:00:53
data/cropped_fields/ogrenci_numara/train_IMG_1629_jpg.rf.76uXjNzYjIAq0m9s5eDe_ogrenci_numara.jpg,2333558220,ogrenci_numara,train_IMG_1629_jpg.rf.76uXjNzYjIAq0m9s5eDe_ogrenci_numara.jpg,train,mehmet,2026-07-12 18:01:05
data/cropped_fields/ogrenci_numara/train_IMG_1630_jpg.rf.sKiXuUhSl5WDjjekekHV_ogrenci_numara.jpg,1419285650,ogrenci_numara,train_IMG_1630_jpg.rf.sKiXuUhSl5WDjjekekHV_ogrenci_numara.jpg,train,mehmet,2026-07-12 18:01:13
data/cropped_fields/ogrenci_numara/train_IMG_1631_jpg.rf.BFicv5l9MJ63J7H9VFXh_ogrenci_numara.jpg,5131527341,ogrenci_numara,train_IMG_1631_jpg.rf.BFicv5l9MJ63J7H9VFXh_ogrenci_numara.jpg,train,mehmet,2026-07-12 18:01:22
data/cropped_fields/ogrenci_numara/train_IMG_1632_jpg.rf.85E3IvuuBrhnT7JTzMrO_ogrenci_numara.jpg,5323502575,ogrenci_numara,train_IMG_1632_jpg.rf.85E3IvuuBrhnT7JTzMrO_ogrenci_numara.jpg,train,mehmet,2026-07-12 18:01:30
data/cropped_fields/ogrenci_numara/train_IMG_1633_jpg.rf.ecw0N3kuPX6A41HF0iQf_ogrenci_numara.jpg,3882136090,ogrenci_numara,train_IMG_1633_jpg.rf.ecw0N3kuPX6A41HF0iQf_ogrenci_numara.jpg,train,mehmet,2026-07-12 18:01:52
data/cropped_fields/ogrenci_numara/train_IMG_1635_jpg.rf.6B2jdN6qyUY2kvh7QIAc_ogrenci_numara.jpg,21256580,ogrenci_numara,train_IMG_1635_jpg.rf.6B2jdN6qyUY2kvh7QIAc_ogrenci_numara.jpg,train,mehmet,2026-07-12 18:02:00
data/cropped_fields/ogrenci_numara/train_IMG_1636_jpg.rf.OMAvbyTUP5xnstz28g62_ogrenci_numara.jpg,212263771,ogrenci_numara,train_IMG_1636_jpg.rf.OMAvbyTUP5xnstz28g62_ogrenci_numara.jpg,train,mehmet,2026-07-12 18:02:08
data/cropped_fields/ogrenci_numara/train_IMG_1637_jpg.rf.wWCc0Hf2zURN3AKwRcO5_ogrenci_numara.jpg,21226397,ogrenci_numara,train_IMG_1637_jpg.rf.wWCc0Hf2zURN3AKwRcO5_ogrenci_numara.jpg,train,mehmet,2026-07-12 18:05:27
data/cropped_fields/ogrenci_numara/train_IMG_1638_jpg.rf.WrpQokNgWc7GLTcknjeP_ogrenci_numara.jpg,2122630490,ogrenci_numara,train_IMG_1638_jpg.rf.WrpQokNgWc7GLTcknjeP_ogrenci_numara.jpg,train,mehmet,2026-07-12 18:05:41
data/cropped_fields/ogrenci_numara/train_IMG_1639_jpg.rf.aPfIi1VnyuRQUJZvnW4b_ogrenci_numara.jpg,2122630488,ogrenci_numara,train_IMG_1639_jpg.rf.aPfIi1VnyuRQUJZvnW4b_ogrenci_numara.jpg,train,mehmet,2026-07-12 18:05:59
data/cropped_fields/ogrenci_numara/train_IMG_1640_jpg.rf.GWz7X3b9gdcO5jmLPcbB_ogrenci_numara.jpg,2122630485,ogrenci_numara,train_IMG_1640_jpg.rf.GWz7X3b9gdcO5jmLPcbB_ogrenci_numara.jpg,train,mehmet,2026-07-12 18:06:08
data/cropped_fields/ogrenci_numara/train_IMG_1641_jpg.rf.BA9te7BcQoD4eFOXUE7u_ogrenci_numara.jpg,2122630484,ogrenci_numara,train_IMG_1641_jpg.rf.BA9te7BcQoD4eFOXUE7u_ogrenci_numara.jpg,train,mehmet,2026-07-12 18:06:28
data/cropped_fields/ogrenci_numara/train_IMG_1642_jpg.rf.fCS7tt3ay08oBqePGYik_ogrenci_numara.jpg,2122630483,ogrenci_numara,train_IMG_1642_jpg.rf.fCS7tt3ay08oBqePGYik_ogrenci_numara.jpg,train,mehmet,2026-07-12 18:06:37
data/cropped_fields/ogrenci_numara/train_IMG_1643_jpg.rf.v5nvXdR6KAaSBSuN6ZG3_ogrenci_numara.jpg,2122630482,ogrenci_numara,train_IMG_1643_jpg.rf.v5nvXdR6KAaSBSuN6ZG3_ogrenci_numara.jpg,train,mehmet,2026-07-12 18:06:46
data/cropped_fields/ogrenci_numara/train_IMG_1644_jpg.rf.ymdyd3wN1lRH0shhgBWW_ogrenci_numara.jpg,2122630481,ogrenci_numara,train_IMG_1644_jpg.rf.ymdyd3wN1lRH0shhgBWW_ogrenci_numara.jpg,train,mehmet,2026-07-12 18:06:58
data/cropped_fields/ogrenci_numara/train_IMG_1645_jpg.rf.52ueyoefpdDPs4qS5p9G_ogrenci_numara.jpg,2122630482,ogrenci_numara,train_IMG_1645_jpg.rf.52ueyoefpdDPs4qS5p9G_ogrenci_numara.jpg,train,mehmet,2026-07-12 18:07:06
data/cropped_fields/ogrenci_numara/train_IMG_1646_jpg.rf.nL0M2AUOxlt6DquRgxqc_ogrenci_numara.jpg,2122630493,ogrenci_numara,train_IMG_1646_jpg.rf.nL0M2AUOxlt6DquRgxqc_ogrenci_numara.jpg,train,mehmet,2026-07-12 18:07:11
data/cropped_fields/ogrenci_numara/train_IMG_1647_jpg.rf.VjeXmlMsLtzsP7Nmwlx0_ogrenci_numara.jpg,2121191806,ogrenci_numara,train_IMG_1647_jpg.rf.VjeXmlMsLtzsP7Nmwlx0_ogrenci_numara.jpg,train,mehmet,2026-07-12 18:07:23
data/cropped_fields/ogrenci_numara/train_IMG_1648_jpg.rf.xNXOKE3aweZmezvNPtXn_ogrenci_numara.jpg,4178220713,ogrenci_numara,train_IMG_1648_jpg.rf.xNXOKE3aweZmezvNPtXn_ogrenci_numara.jpg,train,mehmet,2026-07-12 18:07:37
data/cropped_fields/ogrenci_numara/train_IMG_1649_jpg.rf.RJxcBtM5FSKtrkpwwidu_ogrenci_numara.jpg,4079210714,ogrenci_numara,train_IMG_1649_jpg.rf.RJxcBtM5FSKtrkpwwidu_ogrenci_numara.jpg,train,mehmet,2026-07-12 18:07:48
data/cropped_fields/ogrenci_numara/train_IMG_1650_jpg.rf.Deqx6H9i2d9xGPFOD9Wu_ogrenci_numara.jpg,201279220412,ogrenci_numara,train_IMG_1650_jpg.rf.Deqx6H9i2d9xGPFOD9Wu_ogrenci_numara.jpg,train,mehmet,2026-07-12 18:08:00
data/cropped_fields/ogrenci_numara/train_IMG_1651_jpg.rf.9OK2CKQYFgl8uYl5DtqB_ogrenci_numara.jpg,4079220613,ogrenci_numara,train_IMG_1651_jpg.rf.9OK2CKQYFgl8uYl5DtqB_ogrenci_numara.jpg,train,mehmet,2026-07-12 18:08:15
data/cropped_fields/ogrenci_numara/train_IMG_1652_jpg.rf.0k3eq3mfUsiDB2XFjEAL_ogrenci_numara.jpg,6979220512,ogrenci_numara,train_IMG_1652_jpg.rf.0k3eq3mfUsiDB2XFjEAL_ogrenci_numara.jpg,train,mehmet,2026-07-12 18:08:28
data/cropped_fields/ogrenci_numara/train_IMG_1653_jpg.rf.SYmcep4rBxqV3DYEm4xY_ogrenci_numara.jpg,7079220413,ogrenci_numara,train_IMG_1653_jpg.rf.SYmcep4rBxqV3DYEm4xY_ogrenci_numara.jpg,train,mehmet,2026-07-12 18:08:35
data/cropped_fields/ogrenci_numara/train_IMG_1654_jpg.rf.2og5QsPWeaZuNYhV7UI3_ogrenci_numara.jpg,7479210412,ogrenci_numara,train_IMG_1654_jpg.rf.2og5QsPWeaZuNYhV7UI3_ogrenci_numara.jpg,train,mehmet,2026-07-12 18:08:42
data/cropped_fields/ogrenci_numara/train_IMG_1655_jpg.rf.VAkmhHP3TpmmmjuPVzat_ogrenci_numara.jpg,7279220512,ogrenci_numara,train_IMG_1655_jpg.rf.VAkmhHP3TpmmmjuPVzat_ogrenci_numara.jpg,train,mehmet,2026-07-12 18:08:51
data/cropped_fields/ogrenci_numara/train_IMG_1656_jpg.rf.wQebbF8Sz6o9UgELnBKu_ogrenci_numara.jpg,7379220412,ogrenci_numara,train_IMG_1656_jpg.rf.wQebbF8Sz6o9UgELnBKu_ogrenci_numara.jpg,train,mehmet,2026-07-12 18:09:00
data/cropped_fields/ogrenci_numara/train_IMG_1657_jpg.rf.xZ34XhHzmcnQ1dF13Cqq_ogrenci_numara.jpg,7479220411,ogrenci_numara,train_IMG_1657_jpg.rf.xZ34XhHzmcnQ1dF13Cqq_ogrenci_numara.jpg,train,mehmet,2026-07-12 18:09:08
data/cropped_fields/ogrenci_numara/train_IMG_1658_jpg.rf.N7hnIBttqpBmmLtly0js_ogrenci_numara.jpg,7278201512,ogrenci_numara,train_IMG_1658_jpg.rf.N7hnIBttqpBmmLtly0js_ogrenci_numara.jpg,train,mehmet,2026-07-12 18:09:16
data/cropped_fields/ogrenci_numara/train_IMG_1659_jpg.rf.y9XG1KRqsL44MckpMFkB_ogrenci_numara.jpg,6075220715,ogrenci_numara,train_IMG_1659_jpg.rf.y9XG1KRqsL44MckpMFkB_ogrenci_numara.jpg,train,mehmet,2026-07-12 18:09:27
data/cropped_fields/ogrenci_numara/train_IMG_1660_jpg.rf.74XPHNMj4xMiZfvPahPM_ogrenci_numara.jpg,6974220617,ogrenci_numara,train_IMG_1660_jpg.rf.74XPHNMj4xMiZfvPahPM_ogrenci_numara.jpg,train,mehmet,2026-07-12 18:09:37
data/cropped_fields/ogrenci_numara/train_IMG_1661_jpg.rf.xxcf3RYESI4ZAh30a4ZX_ogrenci_numara.jpg,7073210516,ogrenci_numara,train_IMG_1661_jpg.rf.xxcf3RYESI4ZAh30a4ZX_ogrenci_numara.jpg,train,mehmet,2026-07-12 18:09:44
data/cropped_fields/ogrenci_numara/train_IMG_1662_jpg.rf.22bwxnf2EvPW2OXq07Kd_ogrenci_numara.jpg,7072200511,ogrenci_numara,train_IMG_1662_jpg.rf.22bwxnf2EvPW2OXq07Kd_ogrenci_numara.jpg,train,mehmet,2026-07-12 18:09:56
data/cropped_fields/ogrenci_numara/train_IMG_1663_jpg.rf.pUw7SMMZpYKATOE2Gx2n_ogrenci_numara.jpg,2002117911,ogrenci_numara,train_IMG_1663_jpg.rf.pUw7SMMZpYKATOE2Gx2n_ogrenci_numara.jpg,train,mehmet,2026-07-12 18:10:04
data/cropped_fields/ogrenci_numara/train_IMG_1664_jpg.rf.i3gNAHfluEl9dBsoJUfE_ogrenci_numara.jpg,7174220510,ogrenci_numara,train_IMG_1664_jpg.rf.i3gNAHfluEl9dBsoJUfE_ogrenci_numara.jpg,train,mehmet,2026-07-12 18:10:12
data/cropped_fields/ogrenci_numara/train_IMG_1665_jpg.rf.vEwdDgcY4EY6PXg3W6v6_ogrenci_numara.jpg,7274220510,ogrenci_numara,train_IMG_1665_jpg.rf.vEwdDgcY4EY6PXg3W6v6_ogrenci_numara.jpg,train,mehmet,2026-07-12 18:10:20
data/cropped_fields/ogrenci_numara/train_IMG_1666_jpg.rf.TsZ9GoVgpfzZx7RuZmzg_ogrenci_numara.jpg,7379220411,ogrenci_numara,train_IMG_1666_jpg.rf.TsZ9GoVgpfzZx7RuZmzg_ogrenci_numara.jpg,train,mehmet,2026-07-12 18:10:35
data/cropped_fields/ogrenci_numara/train_IMG_1667_jpg.rf.jF7lMTtsIPsgT8UPuvaO_ogrenci_numara.jpg,201179220412,ogrenci_numara,train_IMG_1667_jpg.rf.jF7lMTtsIPsgT8UPuvaO_ogrenci_numara.jpg,train,mehmet,2026-07-12 18:10:45
data/cropped_fields/ogrenci_numara/train_IMG_1668_jpg.rf.oncDbwp1t18FuLrDNUgM_ogrenci_numara.jpg,7479220412,ogrenci_numara,train_IMG_1668_jpg.rf.oncDbwp1t18FuLrDNUgM_ogrenci_numara.jpg,train,mehmet,2026-07-12 18:10:53
data/cropped_fields/ogrenci_numara/train_IMG_1669_jpg.rf.czsjYDMEiJh3Th3qmQ4a_ogrenci_numara.jpg,7579220413,ogrenci_numara,train_IMG_1669_jpg.rf.czsjYDMEiJh3Th3qmQ4a_ogrenci_numara.jpg,train,mehmet,2026-07-12 18:11:04
data/cropped_fields/ogrenci_numara/train_IMG_1670_jpg.rf.DpPtkmVSVP4SEsR7KufP_ogrenci_numara.jpg,7679220414,ogrenci_numara,train_IMG_1670_jpg.rf.DpPtkmVSVP4SEsR7KufP_ogrenci_numara.jpg,train,mehmet,2026-07-12 18:11:11
data/cropped_fields/ogrenci_numara/train_IMG_1671_jpg.rf.BRymYjBoZJDIv8ARC6aM_ogrenci_numara.jpg,7779220415,ogrenci_numara,train_IMG_1671_jpg.rf.BRymYjBoZJDIv8ARC6aM_ogrenci_numara.jpg,train,mehmet,2026-07-12 18:11:21
data/cropped_fields/ogrenci_numara/train_IMG_1672_jpg.rf.mxTGh9s3VHdM4hoRRu36_ogrenci_numara.jpg,7879220416,ogrenci_numara,train_IMG_1672_jpg.rf.mxTGh9s3VHdM4hoRRu36_ogrenci_numara.jpg,train,mehmet,2026-07-12 18:11:28
data/cropped_fields/ogrenci_numara/train_IMG_1673_jpg.rf.OdPwORsGoxhaqvNFDpbT_ogrenci_numara.jpg,2008197815,ogrenci_numara,train_IMG_1673_jpg.rf.OdPwORsGoxhaqvNFDpbT_ogrenci_numara.jpg,train,mehmet,2026-07-12 18:11:46
data/cropped_fields/ogrenci_numara/train_IMG_1674_jpg.rf.mq09y2dn5X3PNZhIgemI_ogrenci_numara.jpg,231601028,ogrenci_numara,train_IMG_1674_jpg.rf.mq09y2dn5X3PNZhIgemI_ogrenci_numara.jpg,train,mehmet,2026-07-12 18:12:14
data/cropped_fields/ogrenci_numara/train_IMG_1677_jpg.rf.vLEFGx0w0ANohDhZvDx5_ogrenci_numara.jpg,231601033,ogrenci_numara,train_IMG_1677_jpg.rf.vLEFGx0w0ANohDhZvDx5_ogrenci_numara.jpg,train,mehmet,2026-07-12 18:12:23
data/cropped_fields/ogrenci_numara/train_IMG_1678_jpg.rf.SYHu1GinejiCAfGSB6bg_ogrenci_numara.jpg,231601038,ogrenci_numara,train_IMG_1678_jpg.rf.SYHu1GinejiCAfGSB6bg_ogrenci_numara.jpg,train,mehmet,2026-07-12 18:12:28
data/cropped_fields/ogrenci_numara/train_IMG_1679_jpg.rf.WUQ9XwFasHpnBFzZFksG_ogrenci_numara.jpg,231601010,ogrenci_numara,train_IMG_1679_jpg.rf.WUQ9XwFasHpnBFzZFksG_ogrenci_numara.jpg,train,mehmet,2026-07-12 18:12:49
data/cropped_fields/ogrenci_numara/train_IMG_1680_jpg.rf.bET2syBPFXckzRwR3bM7_ogrenci_numara.jpg,231601003,ogrenci_numara,train_IMG_1680_jpg.rf.bET2syBPFXckzRwR3bM7_ogrenci_numara.jpg,train,mehmet,2026-07-12 18:12:54
data/cropped_fields/ogrenci_numara/train_IMG_1681_jpg.rf.QB1u0mThpkTmtG5oq0wH_ogrenci_numara.jpg,231601002,ogrenci_numara,train_IMG_1681_jpg.rf.QB1u0mThpkTmtG5oq0wH_ogrenci_numara.jpg,train,mehmet,2026-07-12 18:13:08
data/cropped_fields/ogrenci_numara/train_IMG_1682_jpg.rf.I8CYvsqfT0HckYidlQ5F_ogrenci_numara.jpg,231601001,ogrenci_numara,train_IMG_1682_jpg.rf.I8CYvsqfT0HckYidlQ5F_ogrenci_numara.jpg,train,mehmet,2026-07-12 18:13:17
data/cropped_fields/ogrenci_numara/train_IMG_1683_jpg.rf.tqJoixh0HqTKXtZ8UnTQ_ogrenci_numara.jpg,231601066,ogrenci_numara,train_IMG_1683_jpg.rf.tqJoixh0HqTKXtZ8UnTQ_ogrenci_numara.jpg,train,mehmet,2026-07-12 18:13:22
data/cropped_fields/ogrenci_numara/train_IMG_1684_jpg.rf.XHWOCR1AFytQxtYTrZo7_ogrenci_numara.jpg,231601065,ogrenci_numara,train_IMG_1684_jpg.rf.XHWOCR1AFytQxtYTrZo7_ogrenci_numara.jpg,train,mehmet,2026-07-12 18:13:27
data/cropped_fields/ogrenci_numara/train_IMG_1685_jpg.rf.eroUc7DdHvAezRF71Iwy_ogrenci_numara.jpg,231601062,ogrenci_numara,train_IMG_1685_jpg.rf.eroUc7DdHvAezRF71Iwy_ogrenci_numara.jpg,train,mehmet,2026-07-12 18:13:35
data/cropped_fields/ogrenci_numara/train_IMG_1686_jpg.rf.eX4JY3f6IyGHwFYNHYg7_ogrenci_numara.jpg,231601060,ogrenci_numara,train_IMG_1686_jpg.rf.eX4JY3f6IyGHwFYNHYg7_ogrenci_numara.jpg,train,mehmet,2026-07-12 18:13:41
data/cropped_fields/ogrenci_numara/train_IMG_1688_jpg.rf.hCLFvz9jjWng8yYILoC0_ogrenci_numara.jpg,231601055,ogrenci_numara,train_IMG_1688_jpg.rf.hCLFvz9jjWng8yYILoC0_ogrenci_numara.jpg,train,mehmet,2026-07-12 18:13:44
data/cropped_fields/ogrenci_numara/train_IMG_1689_jpg.rf.LfOTpJRX6q1xzR28f4fT_ogrenci_numara.jpg,2316053,ogrenci_numara,train_IMG_1689_jpg.rf.LfOTpJRX6q1xzR28f4fT_ogrenci_numara.jpg,train,mehmet,2026-07-12 18:13:57
data/cropped_fields/ogrenci_numara/train_IMG_1691_jpg.rf.DJiY0rNHFoLyHh0nEKY2_ogrenci_numara.jpg,231601050,ogrenci_numara,train_IMG_1691_jpg.rf.DJiY0rNHFoLyHh0nEKY2_ogrenci_numara.jpg,train,mehmet,2026-07-12 18:14:05
data/cropped_fields/ogrenci_numara/train_IMG_1692_jpg.rf.NWSxvdxOGId77zIE31l6_ogrenci_numara.jpg,231601048,ogrenci_numara,train_IMG_1692_jpg.rf.NWSxvdxOGId77zIE31l6_ogrenci_numara.jpg,train,mehmet,2026-07-12 18:14:10
data/cropped_fields/ogrenci_numara/train_IMG_1693_jpg.rf.XxxkOwn38utGxEwA2jQA_ogrenci_numara.jpg,231601046,ogrenci_numara,train_IMG_1693_jpg.rf.XxxkOwn38utGxEwA2jQA_ogrenci_numara.jpg,train,mehmet,2026-07-12 18:14:15
data/cropped_fields/ogrenci_numara/train_IMG_1695_jpg.rf.jGFSoMaWLshloKVfPQPc_ogrenci_numara.jpg,231601044,ogrenci_numara,train_IMG_1695_jpg.rf.jGFSoMaWLshloKVfPQPc_ogrenci_numara.jpg,train,mehmet,2026-07-12 18:14:22
data/cropped_fields/ogrenci_numara/train_IMG_1696_jpg.rf.joe1gq2Qy1FgTFbTRIzm_ogrenci_numara.jpg,231601043,ogrenci_numara,train_IMG_1696_jpg.rf.joe1gq2Qy1FgTFbTRIzm_ogrenci_numara.jpg,train,mehmet,2026-07-12 18:14:27
data/cropped_fields/ogrenci_numara/train_IMG_1697_jpg.rf.pjMpZfVcswGep6qH52gh_ogrenci_numara.jpg,231601042,ogrenci_numara,train_IMG_1697_jpg.rf.pjMpZfVcswGep6qH52gh_ogrenci_numara.jpg,train,mehmet,2026-07-12 18:14:57
data/cropped_fields/ogrenci_numara/train_IMG_1699_jpg.rf.XepSTwwulocMWkg8G3LS_ogrenci_numara.jpg,231601090,ogrenci_numara,train_IMG_1699_jpg.rf.XepSTwwulocMWkg8G3LS_ogrenci_numara.jpg,train,mehmet,2026-07-12 18:15:16
data/cropped_fields/ogrenci_numara/train_IMG_1700_jpg.rf.eCuhDC5pmBeWuOwJllYZ_ogrenci_numara.jpg,23160184,ogrenci_numara,train_IMG_1700_jpg.rf.eCuhDC5pmBeWuOwJllYZ_ogrenci_numara.jpg,train,mehmet,2026-07-12 18:15:24
data/cropped_fields/ogrenci_numara/train_IMG_1702_jpg.rf.EXUFgYZSeoFxeYpIVV4D_ogrenci_numara.jpg,231601097,ogrenci_numara,train_IMG_1702_jpg.rf.EXUFgYZSeoFxeYpIVV4D_ogrenci_numara.jpg,train,mehmet,2026-07-12 18:15:30
data/cropped_fields/ogrenci_numara/train_IMG_1703_jpg.rf.LZOadkX5yh0U18aeO1hy_ogrenci_numara.jpg,231601092,ogrenci_numara,train_IMG_1703_jpg.rf.LZOadkX5yh0U18aeO1hy_ogrenci_numara.jpg,train,mehmet,2026-07-12 18:15:37
data/cropped_fields/ogrenci_numara/train_IMG_1704_jpg.rf.OnMQkXL6KsQWO1xkCh1o_ogrenci_numara.jpg,231601092,ogrenci_numara,train_IMG_1704_jpg.rf.OnMQkXL6KsQWO1xkCh1o_ogrenci_numara.jpg,train,mehmet,2026-07-12 18:17:58
data/cropped_fields/ogrenci_numara/train_IMG_1705_jpg.rf.eGhuRnx7MXqFVjRNRMMO_ogrenci_numara.jpg,231601150,ogrenci_numara,train_IMG_1705_jpg.rf.eGhuRnx7MXqFVjRNRMMO_ogrenci_numara.jpg,train,mehmet,2026-07-12 18:18:10
data/cropped_fields/ogrenci_numara/train_IMG_1706_jpg.rf.dgXP9p0gSxzsfdtLb801_ogrenci_numara.jpg,231601106,ogrenci_numara,train_IMG_1706_jpg.rf.dgXP9p0gSxzsfdtLb801_ogrenci_numara.jpg,train,mehmet,2026-07-12 18:18:25
data/cropped_fields/ogrenci_numara/train_IMG_1707_jpg.rf.SqpHb2qsSrHeLXC9xrN0_ogrenci_numara.jpg,231601103,ogrenci_numara,train_IMG_1707_jpg.rf.SqpHb2qsSrHeLXC9xrN0_ogrenci_numara.jpg,train,mehmet,2026-07-12 18:18:32
data/cropped_fields/ogrenci_numara/train_IMG_1709_jpg.rf.jtEb4fDSILSVtl6e673B_ogrenci_numara.jpg,23160199,ogrenci_numara,train_IMG_1709_jpg.rf.jtEb4fDSILSVtl6e673B_ogrenci_numara.jpg,train,mehmet,2026-07-12 18:18:36
data/cropped_fields/ogrenci_numara/train_IMG_1710_jpg.rf.MOXyUEalxj0NeBUD1Op2_ogrenci_numara.jpg,231601109,ogrenci_numara,train_IMG_1710_jpg.rf.MOXyUEalxj0NeBUD1Op2_ogrenci_numara.jpg,train,mehmet,2026-07-12 18:18:42
data/cropped_fields/ogrenci_numara/train_IMG_1712_jpg.rf.jNJKeGEeZmG8EBAE84Ao_ogrenci_numara.jpg,030972032,ogrenci_numara,train_IMG_1712_jpg.rf.jNJKeGEeZmG8EBAE84Ao_ogrenci_numara.jpg,train,mehmet,2026-07-12 18:19:12
data/cropped_fields/ogrenci_numara/train_IMG_1714_jpg.rf.u0YHLYocAjNWBEvpXdlg_ogrenci_numara.jpg,732462689,ogrenci_numara,train_IMG_1714_jpg.rf.u0YHLYocAjNWBEvpXdlg_ogrenci_numara.jpg,train,mehmet,2026-07-12 18:19:53
data/cropped_fields/ogrenci_numara/train_IMG_1715_jpg.rf.XwKbka41UfzTZ0J7S6kU_ogrenci_numara.jpg,177346722,ogrenci_numara,train_IMG_1715_jpg.rf.XwKbka41UfzTZ0J7S6kU_ogrenci_numara.jpg,train,mehmet,2026-07-12 18:20:08
data/cropped_fields/ogrenci_numara/train_IMG_1716_jpg.rf.O5ClbJFjWtvYjectEs7s_ogrenci_numara.jpg,662786002,ogrenci_numara,train_IMG_1716_jpg.rf.O5ClbJFjWtvYjectEs7s_ogrenci_numara.jpg,train,mehmet,2026-07-12 18:20:29
data/cropped_fields/ogrenci_numara/train_IMG_1717_jpg.rf.QsLxBzGGPcYP7ZcvFtrG_ogrenci_numara.jpg,182462323,ogrenci_numara,train_IMG_1717_jpg.rf.QsLxBzGGPcYP7ZcvFtrG_ogrenci_numara.jpg,train,mehmet,2026-07-12 18:20:43
data/cropped_fields/ogrenci_numara/train_IMG_1718_jpg.rf.RUnwJCfy9RbKJFM0XbvS_ogrenci_numara.jpg,030722136,ogrenci_numara,train_IMG_1718_jpg.rf.RUnwJCfy9RbKJFM0XbvS_ogrenci_numara.jpg,train,mehmet,2026-07-12 18:21:02
data/cropped_fields/ogrenci_numara/train_IMG_1719_jpg.rf.tk1zNCHWsfx18U8RkV2l_ogrenci_numara.jpg,653863773,ogrenci_numara,train_IMG_1719_jpg.rf.tk1zNCHWsfx18U8RkV2l_ogrenci_numara.jpg,train,mehmet,2026-07-12 18:22:33
data/cropped_fields/ogrenci_numara/train_IMG_1720_jpg.rf.HW6FEsZgWhJYjLP15Lfy_ogrenci_numara.jpg,781715053,ogrenci_numara,train_IMG_1720_jpg.rf.HW6FEsZgWhJYjLP15Lfy_ogrenci_numara.jpg,train,mehmet,2026-07-12 18:24:27
data/cropped_fields/ogrenci_numara/train_IMG_1721_jpg.rf.lDkA6nBPKyktYueCTJlD_ogrenci_numara.jpg,138715056,ogrenci_numara,train_IMG_1721_jpg.rf.lDkA6nBPKyktYueCTJlD_ogrenci_numara.jpg,train,mehmet,2026-07-12 18:26:01
data/cropped_fields/ogrenci_numara/train_IMG_1722_jpg.rf.mwKW3sWioJp04KA7njC9_ogrenci_numara.jpg,320387003,ogrenci_numara,train_IMG_1722_jpg.rf.mwKW3sWioJp04KA7njC9_ogrenci_numara.jpg,train,mehmet,2026-07-12 18:27:01
data/cropped_fields/ogrenci_numara/train_IMG_1723_jpg.rf.dd8ZxfXd6zpBOgKJf0vd_ogrenci_numara.jpg,220703002,ogrenci_numara,train_IMG_1723_jpg.rf.dd8ZxfXd6zpBOgKJf0vd_ogrenci_numara.jpg,train,mehmet,2026-07-12 18:27:22
data/cropped_fields/ogrenci_numara/train_IMG_1724_jpg.rf.MY5PFRlbWEOm7RLHjGuR_ogrenci_numara.jpg,220703001,ogrenci_numara,train_IMG_1724_jpg.rf.MY5PFRlbWEOm7RLHjGuR_ogrenci_numara.jpg,train,mehmet,2026-07-12 18:27:30
data/cropped_fields/ogrenci_numara/train_IMG_1725_jpg.rf.jXpEwjVFBMgZPEJLCLBh_ogrenci_numara.jpg,852733004,ogrenci_numara,train_IMG_1725_jpg.rf.jXpEwjVFBMgZPEJLCLBh_ogrenci_numara.jpg,train,mehmet,2026-07-12 18:27:37
data/cropped_fields/ogrenci_numara/train_IMG_1726_jpg.rf.avtIvoXTODBpQFaxRxO5_ogrenci_numara.jpg,283563007,ogrenci_numara,train_IMG_1726_jpg.rf.avtIvoXTODBpQFaxRxO5_ogrenci_numara.jpg,train,mehmet,2026-07-12 18:27:52
data/cropped_fields/ogrenci_numara/train_IMG_1727_jpg.rf.orDfylyXpmaNKW66JNrL_ogrenci_numara.jpg,233462009,ogrenci_numara,train_IMG_1727_jpg.rf.orDfylyXpmaNKW66JNrL_ogrenci_numara.jpg,train,mehmet,2026-07-12 18:28:01
data/cropped_fields/ogrenci_numara/train_IMG_1728_jpg.rf.YaeFS3tKeXHPMAy88idW_ogrenci_numara.jpg,182462070,ogrenci_numara,train_IMG_1728_jpg.rf.YaeFS3tKeXHPMAy88idW_ogrenci_numara.jpg,train,mehmet,2026-07-12 18:28:10
data/cropped_fields/ogrenci_numara/train_IMG_1729_jpg.rf.lU1kHD21tnZ8pusw227q_ogrenci_numara.jpg,323211855,ogrenci_numara,train_IMG_1729_jpg.rf.lU1kHD21tnZ8pusw227q_ogrenci_numara.jpg,train,mehmet,2026-07-12 18:28:18
data/cropped_fields/ogrenci_numara/train_IMG_1730_jpg.rf.c41kU12tdTtkOpGUloWE_ogrenci_numara.jpg,627381009,ogrenci_numara,train_IMG_1730_jpg.rf.c41kU12tdTtkOpGUloWE_ogrenci_numara.jpg,train,mehmet,2026-07-12 18:28:26
data/cropped_fields/ogrenci_numara/train_IMG_1733_jpg.rf.IgfxJfPNqJM3iNdJaOdH_ogrenci_numara.jpg,428673700,ogrenci_numara,train_IMG_1733_jpg.rf.IgfxJfPNqJM3iNdJaOdH_ogrenci_numara.jpg,train,mehmet,2026-07-12 18:29:39
data/cropped_fields/ogrenci_numara/train_IMG_1734_jpg.rf.BWYDKNRSDehnSJuTpzmX_ogrenci_numara.jpg,298763472,ogrenci_numara,train_IMG_1734_jpg.rf.BWYDKNRSDehnSJuTpzmX_ogrenci_numara.jpg,train,mehmet,2026-07-12 18:29:56
data/cropped_fields/ogrenci_numara/train_IMG_1735_jpg.rf.Uec8yqM32Ymhk4fi0yvr_ogrenci_numara.jpg,726483592,ogrenci_numara,train_IMG_1735_jpg.rf.Uec8yqM32Ymhk4fi0yvr_ogrenci_numara.jpg,train,mehmet,2026-07-12 18:30:05
data/cropped_fields/ogrenci_numara/train_IMG_1737_jpg.rf.kxmQOttFnRkohIJ9BfZo_ogrenci_numara.jpg,198237462,ogrenci_numara,train_IMG_1737_jpg.rf.kxmQOttFnRkohIJ9BfZo_ogrenci_numara.jpg,train,mehmet,2026-07-12 18:30:14
data/cropped_fields/ogrenci_numara/train_IMG_1738_jpg.rf.fxBOzejAXTFcOzZgXP9X_ogrenci_numara.jpg,264732891,ogrenci_numara,train_IMG_1738_jpg.rf.fxBOzejAXTFcOzZgXP9X_ogrenci_numara.jpg,train,mehmet,2026-07-12 18:30:23
data/cropped_fields/ogrenci_numara/train_IMG_1740_jpg.rf.botiZ0bNm172O7Pz8nwY_ogrenci_numara.jpg,157462793,ogrenci_numara,train_IMG_1740_jpg.rf.botiZ0bNm172O7Pz8nwY_ogrenci_numara.jpg,train,mehmet,2026-07-12 18:30:37
data/cropped_fields/ogrenci_numara/train_IMG_1741_jpg.rf.FS0yH7cj9S0Ovp2NYY5v_ogrenci_numara.jpg,323211008,ogrenci_numara,train_IMG_1741_jpg.rf.FS0yH7cj9S0Ovp2NYY5v_ogrenci_numara.jpg,train,mehmet,2026-07-12 18:30:44
data/cropped_fields/ogrenci_numara/train_IMG_1743_jpg.rf.u1yy5K9P5ITlBBGnPybX_ogrenci_numara.jpg,231746523,ogrenci_numara,train_IMG_1743_jpg.rf.u1yy5K9P5ITlBBGnPybX_ogrenci_numara.jpg,train,mehmet,2026-07-12 18:30:51
data/cropped_fields/ogrenci_numara/train_IMG_1744_jpg.rf.r7yghsqajHKZmf3wfrpa_ogrenci_numara.jpg,220708003,ogrenci_numara,train_IMG_1744_jpg.rf.r7yghsqajHKZmf3wfrpa_ogrenci_numara.jpg,train,mehmet,2026-07-12 18:30:58
data/cropped_fields/ogrenci_numara/train_IMG_1745_jpg.rf.sGIGEITzrtSqguyJ0Qmm_ogrenci_numara.jpg,231601022,ogrenci_numara,train_IMG_1745_jpg.rf.sGIGEITzrtSqguyJ0Qmm_ogrenci_numara.jpg,train,mehmet,2026-07-12 18:31:11
data/cropped_fields/ogrenci_numara/train_IMG_1746_jpg.rf.J2KO1sYhNY1ofppMYNfo_ogrenci_numara.jpg,231601021,ogrenci_numara,train_IMG_1746_jpg.rf.J2KO1sYhNY1ofppMYNfo_ogrenci_numara.jpg,train,mehmet,2026-07-12 18:31:21
data/cropped_fields/ogrenci_numara/train_IMG_1747_jpg.rf.dEZEctZANm9Gjla1mszE_ogrenci_numara.jpg,230601020,ogrenci_numara,train_IMG_1747_jpg.rf.dEZEctZANm9Gjla1mszE_ogrenci_numara.jpg,train,mehmet,2026-07-12 18:31:32
data/cropped_fields/ogrenci_numara/train_IMG_1749_jpg.rf.urukoR55VOSCXusc3EhB_ogrenci_numara.jpg,231601017,ogrenci_numara,train_IMG_1749_jpg.rf.urukoR55VOSCXusc3EhB_ogrenci_numara.jpg,train,mehmet,2026-07-12 18:31:39
data/cropped_fields/ogrenci_numara/train_IMG_1750_jpg.rf.jCGdQD70F2zuraekDbke_ogrenci_numara.jpg,231601016,ogrenci_numara,train_IMG_1750_jpg.rf.jCGdQD70F2zuraekDbke_ogrenci_numara.jpg,train,mehmet,2026-07-12 18:32:08
data/cropped_fields/ogrenci_numara/train_IMG_1752_jpg.rf.BXgQbqRKEF4jgzMpGO7o_ogrenci_numara.jpg,231601014,ogrenci_numara,train_IMG_1752_jpg.rf.BXgQbqRKEF4jgzMpGO7o_ogrenci_numara.jpg,train,mehmet,2026-07-12 18:32:15
data/cropped_fields/ogrenci_numara/train_IMG_1753_jpg.rf.rQoaGrwPccuITEGsjecg_ogrenci_numara.jpg,231601013,ogrenci_numara,train_IMG_1753_jpg.rf.rQoaGrwPccuITEGsjecg_ogrenci_numara.jpg,train,mehmet,2026-07-12 18:32:22
data/cropped_fields/ogrenci_numara/train_IMG_1754_jpg.rf.pdYAVGdbk8wdzkw1Psj9_ogrenci_numara.jpg,231601011,ogrenci_numara,train_IMG_1754_jpg.rf.pdYAVGdbk8wdzkw1Psj9_ogrenci_numara.jpg,train,mehmet,2026-07-12 18:32:31
data/cropped_fields/ogrenci_numara/train_IMG_1756_jpg.rf.BBTtZ1jLlQ2w3tpci2pa_ogrenci_numara.jpg,231601025,ogrenci_numara,train_IMG_1756_jpg.rf.BBTtZ1jLlQ2w3tpci2pa_ogrenci_numara.jpg,train,mehmet,2026-07-12 18:32:43
data/cropped_fields/ogrenci_numara/train_WhatsApp Image 2026-07-10 at 19-39-13 (1)_jpeg.rf.MaBnWRFUOnAAiLXW9pbm_ogrenci_numara.jpg,261048173,ogrenci_numara,train_WhatsApp Image 2026-07-10 at 19-39-13 (1)_jpeg.rf.MaBnWRFUOnAAiLXW9pbm_ogrenci_numara.jpg,train,mehmet,2026-07-12 18:32:58
data/cropped_fields/ogrenci_numara/train_WhatsApp Image 2026-07-10 at 19-39-13_jpeg.rf.BHP7psOZxc2LwTjWMRCv_ogrenci_numara.jpg,261095281,ogrenci_numara,train_WhatsApp Image 2026-07-10 at 19-39-13_jpeg.rf.BHP7psOZxc2LwTjWMRCv_ogrenci_numara.jpg,train,mehmet,2026-07-12 18:33:14
data/cropped_fields/ogrenci_numara/train_WhatsApp Image 2026-07-10 at 19-39-14 (1)_jpeg.rf.MDDVP2CaSgS9upVJWCeI_ogrenci_numara.jpg,261016482,ogrenci_numara,train_WhatsApp Image 2026-07-10 at 19-39-14 (1)_jpeg.rf.MDDVP2CaSgS9upVJWCeI_ogrenci_numara.jpg,train,mehmet,2026-07-12 18:33:21
data/cropped_fields/ogrenci_numara/train_WhatsApp Image 2026-07-10 at 19-39-14 (2)_jpeg.rf.TFm51A3GlSjDbrSV6ZKl_ogrenci_numara.jpg,261062741,ogrenci_numara,train_WhatsApp Image 2026-07-10 at 19-39-14 (2)_jpeg.rf.TFm51A3GlSjDbrSV6ZKl_ogrenci_numara.jpg,train,mehmet,2026-07-12 18:33:29
data/cropped_fields/ogrenci_numara/train_WhatsApp Image 2026-07-10 at 19-39-15 (1)_jpeg.rf.zbkUUtfhAL4GCMpZySfP_ogrenci_numara.jpg,261049372,ogrenci_numara,train_WhatsApp Image 2026-07-10 at 19-39-15 (1)_jpeg.rf.zbkUUtfhAL4GCMpZySfP_ogrenci_numara.jpg,train,mehmet,2026-07-12 18:33:51
data/cropped_fields/ogrenci_numara/train_WhatsApp Image 2026-07-10 at 19-39-15 (2)_jpeg.rf.he3jW3XsFDAmGXgbroe2_ogrenci_numara.jpg,261051749,ogrenci_numara,train_WhatsApp Image 2026-07-10 at 19-39-15 (2)_jpeg.rf.he3jW3XsFDAmGXgbroe2_ogrenci_numara.jpg,train,mehmet,2026-07-13 13:38:46
data/cropped_fields/ogrenci_numara/train_WhatsApp Image 2026-07-10 at 19-39-15_jpeg.rf.ZYUhoctvHemwpF4hB0nG_ogrenci_numara.jpg,261028519,ogrenci_numara,train_WhatsApp Image 2026-07-10 at 19-39-15_jpeg.rf.ZYUhoctvHemwpF4hB0nG_ogrenci_numara.jpg,train,mehmet,2026-07-13 13:53:44
data/cropped_fields/ogrenci_numara/train_WhatsApp Image 2026-07-10 at 19-39-16 (2)_jpeg.rf.b1RvEv55Xi9n0YxwM7Kc_ogrenci_numara.jpg,261074195,ogrenci_numara,train_WhatsApp Image 2026-07-10 at 19-39-16 (2)_jpeg.rf.b1RvEv55Xi9n0YxwM7Kc_ogrenci_numara.jpg,train,mehmet,2026-07-13 13:53:55
data/cropped_fields/ogrenci_numara/train_WhatsApp Image 2026-07-10 at 19-39-16 (3)_jpeg.rf.p7nwMkb2PpX0iZMupT1P_ogrenci_numara.jpg,261096482,ogrenci_numara,train_WhatsApp Image 2026-07-10 at 19-39-16 (3)_jpeg.rf.p7nwMkb2PpX0iZMupT1P_ogrenci_numara.jpg,train,mehmet,2026-07-13 13:54:08
data/cropped_fields/ogrenci_numara/train_WhatsApp Image 2026-07-10 at 19-39-16_jpeg.rf.eTwdgnqES5jd2xr82F6R_ogrenci_numara.jpg,261063942,ogrenci_numara,train_WhatsApp Image 2026-07-10 at 19-39-16_jpeg.rf.eTwdgnqES5jd2xr82F6R_ogrenci_numara.jpg,train,mehmet,2026-07-13 13:54:16
data/cropped_fields/ogrenci_numara/train_WhatsApp Image 2026-07-10 at 19-39-17 (1)_jpeg.rf.L3jKD3PNrNgQamPUMcB4_ogrenci_numara.jpg,21039584,ogrenci_numara,train_WhatsApp Image 2026-07-10 at 19-39-17 (1)_jpeg.rf.L3jKD3PNrNgQamPUMcB4_ogrenci_numara.jpg,train,mehmet,2026-07-13 13:54:26
